// AUTO-GENERATED by scripts/gen_fonts.py — do not edit by hand
// Run:  python scripts/gen_fonts.py
#pragma once
#include <Arduino_GFX_Library.h>

static const uint8_t TramliSmallBitmaps[] PROGMEM = {
  0xFF, 0xFF, 0xDB, 0x63, 0xF0, 0xFF, 0xFD, 0xF7, 0x1B, 0x1D, 0x8C, 0xDF, 0xFF, 0xF9, 0xB1, 0xD9,
  0xFF, 0xFF, 0xB7, 0x1B, 0x1D, 0x80, 0x08, 0x3E, 0x7F, 0x7F, 0x68, 0x78, 0x7E, 0x1F, 0x0F, 0xEB,
  0x7B, 0x7F, 0x3E, 0x08, 0xF0, 0xC6, 0xCC, 0x36, 0x61, 0xB6, 0x0D, 0xB0, 0x7B, 0x00, 0x1B, 0xC1,
  0xBE, 0x0D, 0xB8, 0xCD, 0xC6, 0x7C, 0x61, 0xE0, 0x3E, 0x1F, 0x87, 0x71, 0xDC, 0x3E, 0x0F, 0x0F,
  0xDB, 0xBE, 0xC7, 0xB9, 0xFF, 0xFD, 0xF3, 0xFD, 0xB0, 0x36, 0x6E, 0xEC, 0xCC, 0xCC, 0xEE, 0x66,
  0x30, 0xE3, 0x1C, 0x63, 0x1C, 0xE7, 0x39, 0xCC, 0x67, 0x31, 0x80, 0x33, 0xF7, 0x9E, 0x1C, 0x0E,
  0x07, 0x1F, 0xFF, 0xF8, 0xE0, 0x70, 0x38, 0xFD, 0x68, 0xFF, 0xFC, 0x39, 0x8C, 0x67, 0x31, 0x8C,
  0x66, 0x31, 0x80, 0x3E, 0x7E, 0x77, 0x67, 0x63, 0xE3, 0xE3, 0xE3, 0x67, 0x77, 0x7E, 0x3E, 0x1C,
  0xF7, 0xFF, 0xDC, 0x71, 0xC7, 0x1C, 0x71, 0xC7, 0x3E, 0x7F, 0x77, 0x63, 0x07, 0x07, 0x0E, 0x1C,
  0x38, 0x70, 0x7F, 0xFF, 0x7D, 0xFF, 0x38, 0x73, 0xC7, 0x83, 0x83, 0xC7, 0xDF, 0xFB, 0xE0, 0x06,
  0x07, 0x07, 0x83, 0xC3, 0xE1, 0xB1, 0xD9, 0xCC, 0xFF, 0xFF, 0xC1, 0x80, 0xC0, 0x7E, 0x7E, 0xE0,
  0xE0, 0xFC, 0xFE, 0xEE, 0x07, 0xC7, 0xEE, 0xFE, 0x7C, 0x1E, 0x1F, 0x9D, 0xCC, 0x07, 0xE7, 0xFB,
  0xDC, 0xC7, 0x63, 0xBB, 0x9F, 0xC7, 0xC0, 0xFF, 0xFF, 0x07, 0x0E, 0x0E, 0x1C, 0x1C, 0x18, 0x38,
  0x38, 0x38, 0x38, 0x3E, 0x7F, 0x77, 0x67, 0x77, 0x3E, 0x7E, 0x77, 0xE3, 0x77, 0x7F, 0x3E, 0x3C,
  0x7E, 0x67, 0xE7, 0xE7, 0x67, 0x7F, 0x3F, 0x07, 0x67, 0x7E, 0x3C, 0xFC, 0x00, 0x07, 0xE0, 0xFC,
  0x00, 0x07, 0xED, 0xE0, 0x03, 0x0F, 0x7E, 0xF8, 0xE0, 0xF8, 0x7E, 0x0F, 0x03, 0xFF, 0xFF, 0xC0,
  0x1F, 0xFF, 0xF8, 0x80, 0xF0, 0xFC, 0x1F, 0x0F, 0x3F, 0xFC, 0xF0, 0x80, 0x3E, 0x7F, 0xE7, 0xC3,
  0x07, 0x0E, 0x1C, 0x18, 0x18, 0x00, 0x18, 0x18, 0x07, 0xF0, 0x3F, 0xF0, 0xF8, 0xF1, 0x9F, 0xF6,
  0x7F, 0x6D, 0xCE, 0xF7, 0x1D, 0xEE, 0x33, 0xDC, 0x67, 0xB9, 0xD9, 0xBF, 0xF3, 0x3F, 0x87, 0x00,
  0x67, 0x83, 0xC7, 0xFF, 0x03, 0xF8, 0x0E, 0x00, 0xF0, 0x1F, 0x01, 0xB0, 0x1B, 0x83, 0x98, 0x39,
  0xC7, 0xFC, 0x7F, 0xC6, 0x0E, 0xE0, 0xEE, 0x07, 0xFF, 0x3F, 0xEE, 0x3B, 0x86, 0xE3, 0xBF, 0xCF,
  0xFB, 0x8F, 0xE1, 0xF8, 0x7F, 0xFB, 0xFE, 0x3F, 0x1F, 0xEF, 0x3F, 0x86, 0xE0, 0x30, 0x0C, 0x03,
  0x80, 0xE1, 0xBC, 0xF7, 0xF8, 0xFC, 0xFF, 0x3F, 0xEE, 0x3B, 0x87, 0xE1, 0xF8, 0x7E, 0x1F, 0x87,
  0xE1, 0xF8, 0xEF, 0xFB, 0xFC, 0xFF, 0xFF, 0xF8, 0x1C, 0x0E, 0x07, 0xFB, 0xFD, 0xC0, 0xE0, 0x70,
  0x3F, 0xFF, 0xF0, 0xFF, 0xFF, 0xE0, 0xE0, 0xE0, 0xFF, 0xFF, 0xE0, 0xE0, 0xE0, 0xE0, 0xE0, 0x3F,
  0x8F, 0xFB, 0xC7, 0x70, 0x6E, 0x01, 0x80, 0x31, 0xFF, 0x3F, 0xE0, 0xFE, 0x3D, 0xFF, 0x0F, 0xC0,
  0xE1, 0xF8, 0x7E, 0x1F, 0x87, 0xE1, 0xFF, 0xFF, 0xFF, 0x87, 0xE1, 0xF8, 0x7E, 0x1F, 0x87, 0xFF,
  0xFF, 0xFF, 0xFF, 0xF0, 0x07, 0x07, 0x07, 0x07, 0x07, 0x07, 0x07, 0x07, 0xE7, 0xE7, 0x7E, 0x3C,
  0xE3, 0xF9, 0xEE, 0x73, 0xB8, 0xFC, 0x3F, 0x8F, 0xE3, 0xDC, 0xE7, 0xB8, 0xEE, 0x3F, 0x87, 0xE0,
  0x70, 0x38, 0x1C, 0x0E, 0x07, 0x03, 0x81, 0xC0, 0xE0, 0x70, 0x3F, 0xFF, 0xF0, 0xF1, 0xFE, 0x3F,
  0xC7, 0xFC, 0xFF, 0xBF, 0xF7, 0xFE, 0xDF, 0xFB, 0xFF, 0x7D, 0xEF, 0xB9, 0xF7, 0x30, 0xE1, 0xFC,
  0x7F, 0x1F, 0xE7, 0xF9, 0xFF, 0x7E, 0xDF, 0xBF, 0xE7, 0xF9, 0xFE, 0x3F, 0x8F, 0x1F, 0x83, 0xFC,
  0x79, 0xE7, 0x07, 0x60, 0x76, 0x07, 0xE0, 0x77, 0x07, 0x70, 0x77, 0x9E, 0x3F, 0xC1, 0xF8, 0xFF,
  0x7F, 0xF8, 0xFC, 0x7E, 0x3F, 0xFF, 0xFD, 0xC0, 0xE0, 0x70, 0x38, 0x1C, 0x00, 0x1F, 0x83, 0xFC,
  0x79, 0xE7, 0x07, 0x70, 0x7E, 0x07, 0xE0, 0x76, 0x07, 0x73, 0x77, 0xBE, 0x3F, 0xE1, 0xFF, 0x00,
  0x30, 0xFF, 0x3F, 0xEE, 0x3F, 0x87, 0xE3, 0xFF, 0xEF, 0xF3, 0xBC, 0xE7, 0xB8, 0xEE, 0x3F, 0x87,
  0x3F, 0x1F, 0xE7, 0x3D, 0xC7, 0x7C, 0x0F, 0xC1, 0xF8, 0x0F, 0xE1, 0xDC, 0x77, 0xF8, 0xFC, 0xFF,
  0xFF, 0xF0, 0xC0, 0x30, 0x0C, 0x03, 0x00, 0xC0, 0x30, 0x0C, 0x03, 0x00, 0xC0, 0x30, 0xE1, 0xF8,
  0x7E, 0x1F, 0x87, 0xE1, 0xF8, 0x7E, 0x1F, 0x87, 0xE1, 0xBC, 0xE7, 0xF8, 0xFC, 0xE0, 0xFC, 0x39,
  0xC7, 0x38, 0xE7, 0x18, 0x77, 0x0E, 0xE1, 0xD8, 0x1F, 0x03, 0xE0, 0x78, 0x07, 0x00, 0xE3, 0x8F,
  0xC7, 0x9F, 0x9F, 0x3B, 0x3E, 0x77, 0x7C, 0xCE, 0xDF, 0x9F, 0xBF, 0x1F, 0x7E, 0x3C, 0x78, 0x78,
  0xF0, 0xF1, 0xE1, 0xE3, 0xC0, 0xF1, 0xCE, 0x78, 0xEE, 0x1F, 0x81, 0xF0, 0x1C, 0x07, 0x80, 0xF8,
  0x3F, 0x8F, 0x71, 0xC7, 0x70, 0xF0, 0xE0, 0xEE, 0x39, 0xCE, 0x1D, 0xC3, 0xF0, 0x3E, 0x03, 0x80,
  0x70, 0x0E, 0x01, 0xC0, 0x38, 0x07, 0x00, 0x7F, 0x9F, 0xE0, 0x38, 0x1C, 0x0F, 0x07, 0x81, 0xC0,
  0xE0, 0x70, 0x3C, 0x0F, 0xFF, 0xFF, 0xFF, 0xCC, 0xCC, 0xCC, 0xCC, 0xCC, 0xCF, 0xF0, 0xC6, 0x30,
  0xC6, 0x31, 0x8E, 0x31, 0x8C, 0x70, 0xFF, 0x33, 0x33, 0x33, 0x33, 0x33, 0x3F, 0xF0, 0x38, 0x79,
  0xF3, 0x6E, 0xFC, 0xC0, 0xFF, 0xFF, 0xC0, 0xCC, 0x3E, 0x7F, 0x67, 0x1F, 0x7F, 0xF7, 0xE7, 0x7F,
  0x7B, 0xC0, 0xC0, 0xC0, 0xFE, 0xFF, 0xE7, 0xE3, 0xE3, 0xE3, 0xE7, 0xFF, 0xFE, 0x3E, 0x3F, 0x9C,
  0xCC, 0x0E, 0x03, 0x01, 0xCE, 0xFE, 0x3E, 0x00, 0x03, 0x81, 0xC0, 0xE7, 0xF7, 0xFB, 0x9F, 0x8F,
  0xC7, 0xE3, 0xB9, 0xDF, 0xE7, 0xF0, 0x3E, 0x7F, 0x67, 0xFF, 0xFF, 0xE0, 0x77, 0x7F, 0x3E, 0x3D,
  0xF7, 0x3E, 0xF9, 0xC7, 0x1C, 0x71, 0xC7, 0x1C, 0x3F, 0xBF, 0xDC, 0xFC, 0x7E, 0x3B, 0x1D, 0xDE,
  0xFF, 0x3F, 0xB9, 0xDF, 0xC7, 0xE0, 0xE0, 0xE0, 0xE0, 0xFE, 0xFF, 0xE7, 0xE7, 0xE7, 0xE7, 0xE7,
  0xE7, 0xE7, 0xFC, 0x7F, 0xFF, 0xFF, 0xF0, 0x39, 0xC0, 0x73, 0x9C, 0xE7, 0x39, 0xCE, 0x73, 0x7B,
  0xC0, 0xE0, 0xE0, 0xE0, 0xEE, 0xFE, 0xFC, 0xF8, 0xFC, 0xFC, 0xEE, 0xEE, 0xE7, 0xFF, 0xFF, 0xFF,
  0xFF, 0xF0, 0xFC, 0xEF, 0xFF, 0xEF, 0x7E, 0x73, 0xC6, 0x3C, 0x63, 0xC6, 0x3C, 0x63, 0xC6, 0x30,
  0xFE, 0xFF, 0xE7, 0xE7, 0xE7, 0xE7, 0xE7, 0xE7, 0xE7, 0x3E, 0x3F, 0x9C, 0xEC, 0x3E, 0x1B, 0x0D,
  0xCE, 0xFE, 0x3E, 0x00, 0xFE, 0xFF, 0xE7, 0xE3, 0xE3, 0xE3, 0xE7, 0xFF, 0xFE, 0xE0, 0xE0, 0xE0,
  0x3F, 0xBF, 0xDC, 0xEC, 0x7E, 0x3B, 0x1D, 0xCE, 0xFF, 0x3F, 0x81, 0xC0, 0xE0, 0x70, 0xFF, 0xF9,
  0xCE, 0x73, 0x18, 0xC0, 0x3E, 0x7E, 0xE7, 0x7C, 0x7F, 0x0F, 0xE7, 0x7F, 0x3E, 0x33, 0x9D, 0xFF,
  0xB9, 0xCE, 0x73, 0x9E, 0x70, 0xE7, 0xE7, 0xE7, 0xE7, 0xE7, 0xE7, 0xEF, 0xFF, 0x7F, 0xE3, 0xF1,
  0x99, 0xCE, 0xE3, 0x61, 0xF0, 0xF8, 0x38, 0x1C, 0x00, 0xE7, 0x3F, 0x39, 0x9B, 0xDC, 0xDE, 0xE7,
  0xFE, 0x3E, 0xF0, 0xF7, 0x87, 0x38, 0x39, 0xC0, 0xE7, 0x3B, 0x8F, 0x87, 0x81, 0xC1, 0xF1, 0xF8,
  0xEE, 0xE3, 0x80, 0xE3, 0xF1, 0x99, 0xCE, 0xE7, 0x61, 0xF0, 0xF8, 0x78, 0x1C, 0x0E, 0x3E, 0x0E,
  0x00, 0xFF, 0xFF, 0x0E, 0x1C, 0x3C, 0x78, 0xF0, 0xFF, 0xFF, 0x1C, 0xF3, 0x8C, 0x31, 0xCF, 0x3C,
  0x70, 0xC3, 0x0C, 0x38, 0xF1, 0xC0, 0xFF, 0xFF, 0xFF, 0xFC, 0xE3, 0xC3, 0x0C, 0x30, 0xE3, 0xC7,
  0x38, 0xC3, 0x0C, 0x73, 0xCE, 0x00, 0x7C, 0xFF, 0xF3, 0xE0, 0xFF, 0x00, 0x00, 0x00, 0x00, 0x00,
  0x00, 0x00, 0x00, 0x00, 0xFF, 0xFC, 0x36, 0xDF, 0xFF, 0xF0, 0x02, 0x01, 0x01, 0x87, 0xC7, 0xF3,
  0xFB, 0xB1, 0xD0, 0x6B, 0xBF, 0x9F, 0xC7, 0xC3, 0x01, 0x80, 0x80, 0x3E, 0x3F, 0x9D, 0xCC, 0x67,
  0x07, 0xE3, 0xF0, 0xE0, 0x70, 0x3E, 0xBF, 0xF9, 0xE0, 0x43, 0xFF, 0x7F, 0x77, 0x63, 0x77, 0x7F,
  0xFF, 0x63, 0xE3, 0xF1, 0x9D, 0xCE, 0xE3, 0xE1, 0xF3, 0xFE, 0x38, 0xFF, 0x8E, 0x07, 0x03, 0x80,
  0xFF, 0xF0, 0x3F, 0xFC, 0x3C, 0x3F, 0x1D, 0xCF, 0x07, 0xC3, 0xFB, 0x9D, 0xC7, 0xF3, 0x3F, 0x87,
  0x81, 0xE7, 0x73, 0xF8, 0xF8, 0xDF, 0x70, 0x1F, 0x83, 0x9C, 0x60, 0x6C, 0xF3, 0xD9, 0xB9, 0x83,
  0x98, 0x3D, 0x9B, 0xCF, 0x36, 0x06, 0x39, 0xC1, 0xF8, 0x7B, 0x67, 0xFF, 0xDD, 0xF0, 0x36, 0xDB,
  0xF6, 0xCF, 0xCD, 0x8D, 0x80, 0xFF, 0xFF, 0xC0, 0xE0, 0x70, 0x38, 0x1C, 0xFF, 0x1F, 0x83, 0x9C,
  0x60, 0x6D, 0xF3, 0xDB, 0xB9, 0xB3, 0x9E, 0x3D, 0xB3, 0xD9, 0xB6, 0x06, 0x39, 0xC1, 0xF8, 0xFF,
  0xFF, 0xC0, 0x79, 0xBC, 0xDB, 0x78, 0x1C, 0x0E, 0x07, 0x1F, 0xFF, 0xF8, 0xE0, 0x70, 0x38, 0x00,
  0x7F, 0xFF, 0xE0, 0x7E, 0xC6, 0x66, 0x7C, 0x76, 0xCE, 0x3D, 0xB8, 0x7E, 0xC7, 0xC7, 0xC7, 0xC7,
  0xC7, 0xC7, 0xEF, 0xFF, 0xFF, 0xC0, 0xC0, 0xC0, 0x7F, 0xFF, 0xFE, 0xDF, 0x6F, 0xB3, 0xD8, 0x6C,
  0x36, 0x1B, 0x0D, 0x86, 0xC3, 0x61, 0xB0, 0xD8, 0xFC, 0x70, 0xFC, 0x7F, 0x33, 0x33, 0x7B, 0x7C,
  0xF3, 0xDD, 0xE0, 0xD9, 0xD9, 0xFB, 0xB7, 0xFD, 0xB6, 0x00, 0x70, 0x67, 0x86, 0x0C, 0x30, 0x63,
  0x03, 0x10, 0x19, 0x80, 0x08, 0x60, 0xC7, 0x0C, 0x78, 0x66, 0xC6, 0x3E, 0x20, 0x30, 0x70, 0x67,
  0x86, 0x0C, 0x30, 0x63, 0x03, 0x10, 0x19, 0x80, 0x09, 0xE0, 0xDB, 0x0C, 0x18, 0x61, 0x86, 0x18,
  0x21, 0xF0, 0x70, 0x66, 0xC2, 0x0E, 0x30, 0x33, 0x0D, 0x98, 0x39, 0x80, 0x08, 0xE0, 0xC7, 0x04,
  0x78, 0x66, 0xC6, 0x3E, 0x30, 0x30, 0x18, 0x18, 0x00, 0x18, 0x38, 0x78, 0xF0, 0xE0, 0xC3, 0xE7,
  0xFE, 0x7C, 0x0C, 0x00, 0x60, 0x00, 0x00, 0xE0, 0x0F, 0x01, 0xF0, 0x1B, 0x01, 0xB8, 0x39, 0x83,
  0x9C, 0x7F, 0xC7, 0xFC, 0x60, 0xEE, 0x0E, 0xE0, 0x70, 0x07, 0x00, 0xE0, 0x00, 0x00, 0xE0, 0x0F,
  0x01, 0xF0, 0x1B, 0x01, 0xB8, 0x39, 0x83, 0x9C, 0x7F, 0xC7, 0xFC, 0x60, 0xEE, 0x0E, 0xE0, 0x70,
  0x0E, 0x01, 0xF0, 0x00, 0x00, 0xE0, 0x0F, 0x01, 0xF0, 0x1B, 0x01, 0xB8, 0x39, 0x83, 0x9C, 0x7F,
  0xC7, 0xFC, 0x60, 0xEE, 0x0E, 0xE0, 0x70, 0x1D, 0x01, 0x70, 0x00, 0x00, 0xE0, 0x0F, 0x01, 0xF0,
  0x1B, 0x01, 0xB8, 0x39, 0x83, 0x9C, 0x7F, 0xC7, 0xFC, 0x60, 0xEE, 0x0E, 0xE0, 0x70, 0x1B, 0x01,
  0xB0, 0x00, 0x00, 0xE0, 0x0F, 0x01, 0xF0, 0x1B, 0x01, 0xB8, 0x39, 0x83, 0x9C, 0x7F, 0xC7, 0xFC,
  0x60, 0xEE, 0x0E, 0xE0, 0x70, 0x0E, 0x00, 0xA0, 0x0A, 0x00, 0xE0, 0x0F, 0x01, 0xF0, 0x1B, 0x01,
  0xB8, 0x39, 0x83, 0x9C, 0x7F, 0xC7, 0xFC, 0x60, 0xEE, 0x0E, 0xE0, 0x70, 0x07, 0xFF, 0x07, 0xFF,
  0x0E, 0xE0, 0x0E, 0xE0, 0x1C, 0xE0, 0x1C, 0xFF, 0x18, 0xFF, 0x3F, 0xE0, 0x3F, 0xE0, 0x70, 0xE0,
  0x70, 0xFF, 0xE0, 0xFF, 0x3F, 0x1F, 0xEF, 0x3F, 0x86, 0xE0, 0x30, 0x0C, 0x03, 0x80, 0xE1, 0xBC,
  0xF7, 0xF8, 0xFC, 0x1E, 0x01, 0x83, 0xE0, 0x38, 0x06, 0x00, 0x1F, 0xFF, 0xFF, 0x03, 0x81, 0xC0,
  0xFF, 0x7F, 0xB8, 0x1C, 0x0E, 0x07, 0xFF, 0xFE, 0x0C, 0x0C, 0x00, 0x1F, 0xFF, 0xFF, 0x03, 0x81,
  0xC0, 0xFF, 0x7F, 0xB8, 0x1C, 0x0E, 0x07, 0xFF, 0xFE, 0x1C, 0x1F, 0x00, 0x1F, 0xFF, 0xFF, 0x03,
  0x81, 0xC0, 0xFF, 0x7F, 0xB8, 0x1C, 0x0E, 0x07, 0xFF, 0xFE, 0x36, 0x1B, 0x00, 0x1F, 0xFF, 0xFF,
  0x03, 0x81, 0xC0, 0xFF, 0x7F, 0xB8, 0x1C, 0x0E, 0x07, 0xFF, 0xFE, 0xE6, 0x07, 0x77, 0x77, 0x77,
  0x77, 0x77, 0x70, 0xF8, 0x7F, 0xFF, 0xFF, 0xFF, 0xF8, 0x77, 0xC0, 0xE7, 0x39, 0xCE, 0x73, 0x9C,
  0xE7, 0x39, 0xC0, 0xEF, 0xB0, 0x0E, 0x38, 0xE3, 0x8E, 0x38, 0xE3, 0x8E, 0x38, 0xE3, 0x80, 0x7F,
  0x8F, 0xF9, 0xC7, 0x38, 0x77, 0x0F, 0xF9, 0xDC, 0x3B, 0x87, 0x70, 0xEE, 0x39, 0xFF, 0x3F, 0xC0,
  0x3B, 0x0B, 0x80, 0x03, 0x87, 0xF1, 0xFC, 0x7F, 0x9F, 0xE7, 0xFD, 0xFB, 0x7E, 0xFF, 0x9F, 0xE7,
  0xF8, 0xFE, 0x3C, 0x0E, 0x00, 0x60, 0x00, 0x01, 0xF8, 0x3F, 0xC7, 0x9E, 0x70, 0x76, 0x07, 0x60,
  0x7E, 0x07, 0x70, 0x77, 0x07, 0x79, 0xE3, 0xFC, 0x1F, 0x80, 0x07, 0x00, 0x60, 0x00, 0x01, 0xF8,
  0x3F, 0xC7, 0x9E, 0x70, 0x76, 0x07, 0x60, 0x7E, 0x07, 0x70, 0x77, 0x07, 0x79, 0xE3, 0xFC, 0x1F,
  0x80, 0x0F, 0x00, 0xF8, 0x00, 0x01, 0xF8, 0x3F, 0xC7, 0x9E, 0x70, 0x76, 0x07, 0x60, 0x7E, 0x07,
  0x70, 0x77, 0x07, 0x79, 0xE3, 0xFC, 0x1F, 0x80, 0x0D, 0x81, 0xB8, 0x00, 0x01, 0xF8, 0x3F, 0xC7,
  0x9E, 0x70, 0x76, 0x07, 0x60, 0x7E, 0x07, 0x70, 0x77, 0x07, 0x79, 0xE3, 0xFC, 0x1F, 0x80, 0x1D,
  0x81, 0xD8, 0x00, 0x01, 0xF8, 0x3F, 0xC7, 0x9E, 0x70, 0x76, 0x07, 0x60, 0x7E, 0x07, 0x70, 0x77,
  0x07, 0x79, 0xE3, 0xFC, 0x1F, 0x80, 0x43, 0xCD, 0xFB, 0xE3, 0x8F, 0xBB, 0xE3, 0x1F, 0xB3, 0xFF,
  0x79, 0xE7, 0x1F, 0x73, 0xFE, 0x77, 0xE6, 0x77, 0xC7, 0x78, 0x77, 0x9E, 0x7F, 0xC7, 0xF8, 0x18,
  0x03, 0x00, 0x03, 0x87, 0xE1, 0xF8, 0x7E, 0x1F, 0x87, 0xE1, 0xF8, 0x7E, 0x1F, 0x86, 0xF3, 0x9F,
  0xE3, 0xF0, 0x0E, 0x07, 0x00, 0x03, 0x87, 0xE1, 0xF8, 0x7E, 0x1F, 0x87, 0xE1, 0xF8, 0x7E, 0x1F,
  0x86, 0xF3, 0x9F, 0xE3, 0xF0, 0x1C, 0x0F, 0x80, 0x03, 0x87, 0xE1, 0xF8, 0x7E, 0x1F, 0x87, 0xE1,
  0xF8, 0x7E, 0x1F, 0x86, 0xF3, 0x9F, 0xE3, 0xF0, 0x37, 0x0D, 0xC0, 0x03, 0x87, 0xE1, 0xF8, 0x7E,
  0x1F, 0x87, 0xE1, 0xF8, 0x7E, 0x1F, 0x86, 0xF3, 0x9F, 0xE3, 0xF0, 0x0E, 0x01, 0x80, 0x00, 0x70,
  0x77, 0x1C, 0xE7, 0x0E, 0xE1, 0xF8, 0x1F, 0x01, 0xC0, 0x38, 0x07, 0x00, 0xE0, 0x1C, 0x03, 0x80,
  0xE0, 0x70, 0x3F, 0xDF, 0xFE, 0x3F, 0x1F, 0x8F, 0xC7, 0xFF, 0x7F, 0x38, 0x1C, 0x00, 0x7C, 0xFE,
  0xEE, 0xEE, 0xEC, 0xFC, 0xEE, 0xEF, 0xE7, 0xFB, 0xFF, 0xEE, 0x38, 0x1C, 0x00, 0x3E, 0x7F, 0x67,
  0x1F, 0x7F, 0xF7, 0xE7, 0x7F, 0x7B, 0x0E, 0x1C, 0x00, 0x3E, 0x7F, 0x67, 0x1F, 0x7F, 0xF7, 0xE7,
  0x7F, 0x7B, 0x1C, 0x3E, 0x00, 0x3E, 0x7F, 0x67, 0x1F, 0x7F, 0xF7, 0xE7, 0x7F, 0x7B, 0x3A, 0x2E,
  0x00, 0x3E, 0x7F, 0x67, 0x1F, 0x7F, 0xF7, 0xE7, 0x7F, 0x7B, 0x36, 0x36, 0x00, 0x3E, 0x7F, 0x67,
  0x1F, 0x7F, 0xF7, 0xE7, 0x7F, 0x7B, 0x1C, 0x14, 0x14, 0x1C, 0x00, 0x3E, 0x7F, 0x67, 0x1F, 0x7F,
  0xF7, 0xE7, 0x7F, 0x7B, 0x3F, 0xF1, 0xFF, 0xE7, 0x79, 0x87, 0xFF, 0x7F, 0xFD, 0xFC, 0x0E, 0x79,
  0x9F, 0xFE, 0x7D, 0xF0, 0x3E, 0x3F, 0x9C, 0xCC, 0x0E, 0x03, 0x01, 0xCE, 0xFE, 0x3E, 0x0F, 0x01,
  0x87, 0x80, 0x38, 0x18, 0x00, 0x3E, 0x7F, 0x67, 0xFF, 0xFF, 0xE0, 0x77, 0x7F, 0x3E, 0x0E, 0x1C,
  0x00, 0x3E, 0x7F, 0x67, 0xFF, 0xFF, 0xE0, 0x77, 0x7F, 0x3E, 0x1C, 0x3E, 0x00, 0x3E, 0x7F, 0x67,
  0xFF, 0xFF, 0xE0, 0x77, 0x7F, 0x3E, 0x36, 0x36, 0x00, 0x3E, 0x7F, 0x67, 0xFF, 0xFF, 0xE0, 0x77,
  0x7F, 0x3E, 0xE6, 0x07, 0x77, 0x77, 0x77, 0x77, 0x78, 0x7F, 0xFF, 0xFF, 0xF0, 0x77, 0xC0, 0xE7,
  0x39, 0xCE, 0x73, 0x9C, 0xE0, 0xEF, 0xB0, 0x0E, 0x38, 0xE3, 0x8E, 0x38, 0xE3, 0x8E, 0x1F, 0x0F,
  0x05, 0xC7, 0xE7, 0xFB, 0x9F, 0x8F, 0xC3, 0x63, 0xB9, 0xDF, 0xC7, 0xC0, 0x76, 0x7C, 0x00, 0xFE,
  0xFF, 0xE7, 0xE7, 0xE7, 0xE7, 0xE7, 0xE7, 0xE7, 0x18, 0x06, 0x00, 0x07, 0xC7, 0xF3, 0x9D, 0x87,
  0xC3, 0x61, 0xB9, 0xDF, 0xC7, 0xC0, 0x0E, 0x06, 0x00, 0x07, 0xC7, 0xF3, 0x9D, 0x87, 0xC3, 0x61,
  0xB9, 0xDF, 0xC7, 0xC0, 0x1E, 0x1F, 0x00, 0x07, 0xC7, 0xF3, 0x9D, 0x87, 0xC3, 0x61, 0xB9, 0xDF,
  0xC7, 0xC0, 0x3B, 0x1F, 0x00, 0x07, 0xC7, 0xF3, 0x9D, 0x87, 0xC3, 0x61, 0xB9, 0xDF, 0xC7, 0xC0,
  0x37, 0x1B, 0x80, 0x07, 0xC7, 0xF3, 0x9D, 0x87, 0xC3, 0x61, 0xB9, 0xDF, 0xC7, 0xC0, 0x1C, 0x0E,
  0x00, 0x1F, 0xFF, 0xF8, 0x00, 0x70, 0x38, 0x1F, 0xBF, 0xDD, 0xEC, 0xFE, 0xDB, 0xCD, 0xCE, 0xFE,
  0x7E, 0x00, 0x30, 0x18, 0x00, 0xE7, 0xE7, 0xE7, 0xE7, 0xE7, 0xE7, 0xEF, 0xFF, 0x7F, 0x1C, 0x18,
  0x00, 0xE7, 0xE7, 0xE7, 0xE7, 0xE7, 0xE7, 0xEF, 0xFF, 0x7F, 0x3C, 0x7C, 0x00, 0xE7, 0xE7, 0xE7,
  0xE7, 0xE7, 0xE7, 0xEF, 0xFF, 0x7F, 0x6E, 0x6E, 0x00, 0xE7, 0xE7, 0xE7, 0xE7, 0xE7, 0xE7, 0xEF,
  0xFF, 0x7F, 0x0E, 0x0E, 0x00, 0x1C, 0x7E, 0x33, 0x39, 0xDC, 0xEC, 0x3E, 0x1F, 0x0F, 0x03, 0x81,
  0xC7, 0xC1, 0xC0, 0xE0, 0xE0, 0xE0, 0xFE, 0xFF, 0xE7, 0xE3, 0xE3, 0xE3, 0xE7, 0xFF, 0xFE, 0xE0,
  0xE0, 0xE0, 0x36, 0x1B, 0x00, 0x1C, 0x7E, 0x33, 0x39, 0xDC, 0xEC, 0x3E, 0x1F, 0x0F, 0x03, 0x81,
  0xC7, 0xC1, 0xC0,
};

static const GFXglyph TramliSmallGlyphs[] PROGMEM = {
  {     0,   0,   0,   4,    0,    0 },  // 0x20 ' '
  {     0,   3,  12,   5,    1,  -12 },  // 0x21 '!'
  {     5,   6,   4,   8,    1,  -12 },  // 0x22 '"'
  {     8,   9,  12,   9,    0,  -12 },  // 0x23 '#'
  {    22,   8,  14,   9,    0,  -13 },  // 0x24 '$'
  {    36,  13,  12,  14,    1,  -12 },  // 0x25 '%'
  {    56,  10,  12,  12,    1,  -12 },  // 0x26 '&'
  {    71,   3,   4,   4,    0,  -12 },  // 0x27 '''
  {    73,   4,  15,   5,    1,  -12 },  // 0x28 '('
  {    81,   5,  15,   5,    0,  -12 },  // 0x29 ')'
  {    91,   6,   4,   6,    0,  -12 },  // 0x2A '*'
  {    94,   9,   8,   9,    0,  -10 },  // 0x2B '+'
  {   103,   3,   5,   4,    1,   -2 },  // 0x2C ','
  {   105,   4,   2,   5,    1,   -5 },  // 0x2D '-'
  {   106,   3,   2,   4,    1,   -2 },  // 0x2E '.'
  {   107,   5,  12,   4,    0,  -12 },  // 0x2F '/'
  {   115,   8,  12,   9,    0,  -12 },  // 0x30 '0'
  {   127,   6,  12,   9,    1,  -12 },  // 0x31 '1'
  {   136,   8,  12,   9,    0,  -12 },  // 0x32 '2'
  {   148,   7,  12,   9,    1,  -12 },  // 0x33 '3'
  {   159,   9,  12,   9,    0,  -12 },  // 0x34 '4'
  {   173,   8,  12,   9,    1,  -12 },  // 0x35 '5'
  {   185,   9,  12,   9,    0,  -12 },  // 0x36 '6'
  {   199,   8,  12,   9,    0,  -12 },  // 0x37 '7'
  {   211,   8,  12,   9,    0,  -12 },  // 0x38 '8'
  {   223,   8,  12,   9,    0,  -12 },  // 0x39 '9'
  {   235,   3,   9,   5,    1,   -9 },  // 0x3A ':'
  {   239,   3,  12,   5,    1,   -9 },  // 0x3B ';'
  {   244,   8,   9,   9,    1,  -10 },  // 0x3C '<'
  {   253,   9,   5,   9,    0,   -9 },  // 0x3D '='
  {   259,   8,   9,   9,    1,  -10 },  // 0x3E '>'
  {   268,   8,  12,  10,    1,  -12 },  // 0x3F '?'
  {   280,  15,  16,  16,    0,  -12 },  // 0x40 '@'
  {   310,  12,  12,  12,    0,  -12 },  // 0x41 'A'
  {   328,  10,  12,  12,    1,  -12 },  // 0x42 'B'
  {   343,  10,  12,  12,    1,  -12 },  // 0x43 'C'
  {   358,  10,  12,  12,    1,  -12 },  // 0x44 'D'
  {   373,   9,  12,  11,    1,  -12 },  // 0x45 'E'
  {   387,   8,  12,  10,    1,  -12 },  // 0x46 'F'
  {   399,  11,  12,  12,    1,  -12 },  // 0x47 'G'
  {   416,  10,  12,  12,    1,  -12 },  // 0x48 'H'
  {   431,   3,  12,   4,    1,  -12 },  // 0x49 'I'
  {   436,   8,  12,   9,    0,  -12 },  // 0x4A 'J'
  {   448,  10,  12,  12,    1,  -12 },  // 0x4B 'K'
  {   463,   9,  12,  10,    1,  -12 },  // 0x4C 'L'
  {   477,  11,  12,  13,    1,  -12 },  // 0x4D 'M'
  {   494,  10,  12,  12,    1,  -12 },  // 0x4E 'N'
  {   509,  12,  12,  12,    0,  -12 },  // 0x4F 'O'
  {   527,   9,  12,  11,    1,  -12 },  // 0x50 'P'
  {   541,  12,  13,  12,    0,  -12 },  // 0x51 'Q'
  {   561,  10,  12,  12,    1,  -12 },  // 0x52 'R'
  {   576,  10,  12,  11,    0,  -12 },  // 0x53 'S'
  {   591,  10,  12,  10,    0,  -12 },  // 0x54 'T'
  {   606,  10,  12,  12,    1,  -12 },  // 0x55 'U'
  {   621,  11,  12,  11,    0,  -12 },  // 0x56 'V'
  {   638,  15,  12,  15,    0,  -12 },  // 0x57 'W'
  {   661,  11,  12,  11,    0,  -12 },  // 0x58 'X'
  {   678,  11,  12,  11,    0,  -12 },  // 0x59 'Y'
  {   695,  10,  12,  10,    0,  -12 },  // 0x5A 'Z'
  {   710,   4,  15,   5,    1,  -12 },  // 0x5B '['
  {   718,   5,  12,   4,    0,  -12 },  // 0x5C '\'
  {   726,   4,  15,   5,    0,  -12 },  // 0x5D ']'
  {   734,   7,   6,   9,    1,  -12 },  // 0x5E '^'
  {   740,   9,   2,   9,    0,    1 },  // 0x5F '_'
  {   743,   3,   2,   5,    1,  -12 },  // 0x60 '`'
  {   744,   8,   9,   9,    0,   -9 },  // 0x61 'a'
  {   753,   8,  12,  10,    1,  -12 },  // 0x62 'b'
  {   765,   9,   9,   9,    0,   -9 },  // 0x63 'c'
  {   776,   9,  12,  10,    0,  -12 },  // 0x64 'd'
  {   790,   8,   9,   9,    0,   -9 },  // 0x65 'e'
  {   799,   6,  12,   5,    0,  -12 },  // 0x66 'f'
  {   808,   9,  12,  10,    0,   -9 },  // 0x67 'g'
  {   822,   8,  12,  10,    1,  -12 },  // 0x68 'h'
  {   834,   3,  12,   4,    1,  -12 },  // 0x69 'i'
  {   839,   5,  15,   4,   -1,  -12 },  // 0x6A 'j'
  {   849,   8,  12,   9,    1,  -12 },  // 0x6B 'k'
  {   861,   3,  12,   4,    1,  -12 },  // 0x6C 'l'
  {   866,  12,   9,  14,    1,   -9 },  // 0x6D 'm'
  {   880,   8,   9,  10,    1,   -9 },  // 0x6E 'n'
  {   889,   9,   9,  10,    0,   -9 },  // 0x6F 'o'
  {   900,   8,  12,  10,    1,   -9 },  // 0x70 'p'
  {   912,   9,  12,  10,    0,   -9 },  // 0x71 'q'
  {   926,   5,   9,   6,    1,   -9 },  // 0x72 'r'
  {   932,   8,   9,   9,    0,   -9 },  // 0x73 's'
  {   941,   5,  12,   5,    0,  -12 },  // 0x74 't'
  {   949,   8,   9,  10,    1,   -9 },  // 0x75 'u'
  {   958,   9,   9,   9,    0,   -9 },  // 0x76 'v'
  {   969,  13,   9,  12,    0,   -9 },  // 0x77 'w'
  {   984,   9,   9,   9,    0,   -9 },  // 0x78 'x'
  {   995,   9,  12,   9,    0,   -9 },  // 0x79 'y'
  {  1009,   8,   9,   8,    0,   -9 },  // 0x7A 'z'
  {  1018,   6,  15,   6,    0,  -12 },  // 0x7B '{'
  {  1030,   2,  15,   4,    1,  -12 },  // 0x7C '|'
  {  1034,   6,  15,   6,    0,  -12 },  // 0x7D '}'
  {  1046,   9,   3,   9,    0,   -7 },  // 0x7E '~'
  {  1050,   8,  11,  12,    2,  -11 },  // 0x7F
  {  1061,   0,   0,   4,    0,    0 },  // 0x80
  {  1061,   0,   0,   4,    0,    0 },  // 0x81
  {  1061,   0,   0,   4,    0,    0 },  // 0x82
  {  1061,   0,   0,   4,    0,    0 },  // 0x83
  {  1061,   0,   0,   4,    0,    0 },  // 0x84
  {  1061,   0,   0,   4,    0,    0 },  // 0x85
  {  1061,   0,   0,   4,    0,    0 },  // 0x86
  {  1061,   0,   0,   4,    0,    0 },  // 0x87
  {  1061,   0,   0,   4,    0,    0 },  // 0x88
  {  1061,   0,   0,   4,    0,    0 },  // 0x89
  {  1061,   0,   0,   4,    0,    0 },  // 0x8A
  {  1061,   0,   0,   4,    0,    0 },  // 0x8B
  {  1061,   0,   0,   4,    0,    0 },  // 0x8C
  {  1061,   0,   0,   4,    0,    0 },  // 0x8D
  {  1061,   0,   0,   4,    0,    0 },  // 0x8E
  {  1061,   0,   0,   4,    0,    0 },  // 0x8F
  {  1061,   0,   0,   4,    0,    0 },  // 0x90
  {  1061,   0,   0,   4,    0,    0 },  // 0x91
  {  1061,   0,   0,   4,    0,    0 },  // 0x92
  {  1061,   0,   0,   4,    0,    0 },  // 0x93
  {  1061,   0,   0,   4,    0,    0 },  // 0x94
  {  1061,   0,   0,   4,    0,    0 },  // 0x95
  {  1061,   0,   0,   4,    0,    0 },  // 0x96
  {  1061,   0,   0,   4,    0,    0 },  // 0x97
  {  1061,   0,   0,   4,    0,    0 },  // 0x98
  {  1061,   0,   0,   4,    0,    0 },  // 0x99
  {  1061,   0,   0,   4,    0,    0 },  // 0x9A
  {  1061,   0,   0,   4,    0,    0 },  // 0x9B
  {  1061,   0,   0,   4,    0,    0 },  // 0x9C
  {  1061,   0,   0,   4,    0,    0 },  // 0x9D
  {  1061,   0,   0,   4,    0,    0 },  // 0x9E
  {  1061,   0,   0,   4,    0,    0 },  // 0x9F
  {  1061,   0,   0,   4,    0,    0 },  // 0xA0
  {  1061,   3,  12,   5,    1,   -9 },  // 0xA1
  {  1066,   9,  15,   9,    0,  -12 },  // 0xA2
  {  1083,   9,  12,   9,    0,  -12 },  // 0xA3
  {  1097,   8,   9,   9,    0,  -10 },  // 0xA4
  {  1106,   9,  12,   9,    0,  -12 },  // 0xA5
  {  1120,   2,  15,   4,    1,  -12 },  // 0xA6
  {  1124,   9,  15,   9,    0,  -12 },  // 0xA7
  {  1141,   6,   2,   5,    0,  -12 },  // 0xA8
  {  1143,  12,  12,  12,    0,  -12 },  // 0xA9
  {  1161,   6,   6,   6,    0,  -12 },  // 0xAA
  {  1166,   7,   7,   9,    1,   -8 },  // 0xAB
  {  1173,   9,   6,   9,    0,   -9 },  // 0xAC
  {  1180,   4,   2,   5,    1,   -5 },  // 0xAD
  {  1181,  12,  12,  12,    0,  -12 },  // 0xAE
  {  1199,   9,   2,   9,    0,  -14 },  // 0xAF
  {  1202,   6,   5,   6,    0,  -12 },  // 0xB0
  {  1206,   9,  11,   9,    0,  -11 },  // 0xB1
  {  1219,   5,   6,   5,    0,  -12 },  // 0xB2
  {  1223,   5,   6,   5,    0,  -12 },  // 0xB3
  {  1227,   4,   2,   5,    1,  -12 },  // 0xB4
  {  1228,   8,  12,   9,    1,   -9 },  // 0xB5
  {  1240,   9,  14,   9,    0,  -12 },  // 0xB6
  {  1256,   3,   2,   5,    1,   -6 },  // 0xB7
  {  1257,   5,   3,   5,    0,    0 },  // 0xB8
  {  1259,   4,   6,   5,    0,  -12 },  // 0xB9
  {  1262,   6,   6,   6,    0,  -12 },  // 0xBA
  {  1267,   7,   7,   9,    1,   -8 },  // 0xBB
  {  1274,  13,  12,  13,    0,  -12 },  // 0xBC
  {  1294,  13,  12,  13,    0,  -12 },  // 0xBD
  {  1314,  13,  12,  13,    0,  -12 },  // 0xBE
  {  1334,   8,  12,  10,    1,   -9 },  // 0xBF
  {  1346,  12,  15,  12,    0,  -15 },  // 0xC0
  {  1369,  12,  15,  12,    0,  -15 },  // 0xC1
  {  1392,  12,  15,  12,    0,  -15 },  // 0xC2
  {  1415,  12,  15,  12,    0,  -15 },  // 0xC3
  {  1438,  12,  15,  12,    0,  -15 },  // 0xC4
  {  1461,  12,  15,  12,    0,  -15 },  // 0xC5
  {  1484,  16,  12,  16,   -1,  -12 },  // 0xC6
  {  1508,  10,  15,  12,    1,  -12 },  // 0xC7
  {  1527,   9,  15,  11,    1,  -15 },  // 0xC8
  {  1544,   9,  15,  11,    1,  -15 },  // 0xC9
  {  1561,   9,  15,  11,    1,  -15 },  // 0xCA
  {  1578,   9,  15,  11,    1,  -15 },  // 0xCB
  {  1595,   4,  15,   4,    0,  -15 },  // 0xCC
  {  1603,   3,  15,   4,    1,  -15 },  // 0xCD
  {  1609,   5,  15,   4,    0,  -15 },  // 0xCE
  {  1619,   6,  15,   4,   -1,  -15 },  // 0xCF
  {  1631,  11,  12,  12,    0,  -12 },  // 0xD0
  {  1648,  10,  15,  12,    1,  -15 },  // 0xD1
  {  1667,  12,  15,  12,    0,  -15 },  // 0xD2
  {  1690,  12,  15,  12,    0,  -15 },  // 0xD3
  {  1713,  12,  15,  12,    0,  -15 },  // 0xD4
  {  1736,  12,  15,  12,    0,  -15 },  // 0xD5
  {  1759,  12,  15,  12,    0,  -15 },  // 0xD6
  {  1782,   7,   8,   9,    1,  -10 },  // 0xD7
  {  1789,  12,  12,  12,    0,  -12 },  // 0xD8
  {  1807,  10,  15,  12,    1,  -15 },  // 0xD9
  {  1826,  10,  15,  12,    1,  -15 },  // 0xDA
  {  1845,  10,  15,  12,    1,  -15 },  // 0xDB
  {  1864,  10,  15,  12,    1,  -15 },  // 0xDC
  {  1883,  11,  15,  11,    0,  -15 },  // 0xDD
  {  1904,   9,  12,  11,    1,  -12 },  // 0xDE
  {  1918,   8,  12,  10,    1,  -12 },  // 0xDF
  {  1930,   8,  12,   9,    0,  -12 },  // 0xE0
  {  1942,   8,  12,   9,    0,  -12 },  // 0xE1
  {  1954,   8,  12,   9,    0,  -12 },  // 0xE2
  {  1966,   8,  12,   9,    0,  -12 },  // 0xE3
  {  1978,   8,  12,   9,    0,  -12 },  // 0xE4
  {  1990,   8,  14,   9,    0,  -14 },  // 0xE5
  {  2004,  14,   9,  14,    0,   -9 },  // 0xE6
  {  2020,   9,  12,   9,    0,   -9 },  // 0xE7
  {  2034,   8,  12,   9,    0,  -12 },  // 0xE8
  {  2046,   8,  12,   9,    0,  -12 },  // 0xE9
  {  2058,   8,  12,   9,    0,  -12 },  // 0xEA
  {  2070,   8,  12,   9,    0,  -12 },  // 0xEB
  {  2082,   4,  12,   4,    0,  -12 },  // 0xEC
  {  2088,   3,  12,   4,    1,  -12 },  // 0xED
  {  2093,   5,  12,   4,    0,  -12 },  // 0xEE
  {  2101,   6,  12,   4,   -1,  -12 },  // 0xEF
  {  2110,   9,  12,  10,    0,  -12 },  // 0xF0
  {  2124,   8,  12,  10,    1,  -12 },  // 0xF1
  {  2136,   9,  12,  10,    0,  -12 },  // 0xF2
  {  2150,   9,  12,  10,    0,  -12 },  // 0xF3
  {  2164,   9,  12,  10,    0,  -12 },  // 0xF4
  {  2178,   9,  12,  10,    0,  -12 },  // 0xF5
  {  2192,   9,  12,  10,    0,  -12 },  // 0xF6
  {  2206,   9,   8,   9,    0,  -10 },  // 0xF7
  {  2215,   9,   9,  10,    0,   -9 },  // 0xF8
  {  2226,   8,  12,  10,    1,  -12 },  // 0xF9
  {  2238,   8,  12,  10,    1,  -12 },  // 0xFA
  {  2250,   8,  12,  10,    1,  -12 },  // 0xFB
  {  2262,   8,  12,  10,    1,  -12 },  // 0xFC
  {  2274,   9,  15,   9,    0,  -12 },  // 0xFD
  {  2291,   8,  15,  10,    1,  -12 },  // 0xFE
  {  2306,   9,  15,   9,    0,  -12 },  // 0xFF
};

static const GFXfont TramliSmall PROGMEM = {
  (uint8_t *)TramliSmallBitmaps,
  (GFXglyph *)TramliSmallGlyphs,
  0x20, 0xFF, 19
};
// TramliSmall: ascent=15, yAdvance=19, bitmaps=2323 bytes

static const uint8_t TramliLargeBitmaps[] PROGMEM = {
  0xFF, 0xFF, 0xFF, 0xFF, 0xFE, 0x66, 0x60, 0xFF, 0xF0, 0xF7, 0xFB, 0xFD, 0xFE, 0xFF, 0x3B, 0x9C,
  0x0E, 0x78, 0x73, 0x83, 0x9C, 0x3C, 0xEF, 0xFF, 0xFF, 0xFF, 0xFF, 0xE3, 0x9C, 0x3C, 0xE1, 0xCF,
  0x3F, 0xFF, 0xFF, 0xFF, 0xFF, 0xBC, 0xE1, 0xCF, 0x0E, 0x70, 0x73, 0x80, 0x0E, 0x07, 0xE1, 0xFF,
  0x3F, 0xEF, 0xFF, 0xFF, 0xFF, 0x87, 0xF0, 0x7F, 0x07, 0xF8, 0x3F, 0x87, 0xFE, 0xEF, 0xFD, 0xFF,
  0xFB, 0xFF, 0x7F, 0xC3, 0xF0, 0x38, 0x07, 0x00, 0x7C, 0x06, 0x0F, 0xC1, 0xC3, 0xBC, 0x30, 0x73,
  0x8E, 0x0E, 0x73, 0x81, 0xCE, 0x70, 0x3B, 0xDC, 0x03, 0xF3, 0x80, 0x7C, 0xE0, 0x00, 0x1C, 0xF8,
  0x07, 0x3F, 0x80, 0xE7, 0x70, 0x39, 0xEE, 0x07, 0x39, 0xC1, 0xC7, 0xB8, 0x38, 0x77, 0x0E, 0x0F,
  0xE1, 0xC0, 0xF8, 0x0F, 0xC0, 0x1F, 0xE0, 0x3F, 0xF0, 0x3C, 0xF0, 0x3C, 0x70, 0x3E, 0xF0, 0x1F,
  0xE0, 0x1F, 0xC0, 0x3F, 0x80, 0x7F, 0xDE, 0xF1, 0xFE, 0xF1, 0xFC, 0xF0, 0xFC, 0xF9, 0xFE, 0xFF,
  0xFF, 0x7F, 0xFE, 0x1F, 0x86, 0xFF, 0xFF, 0xFE, 0x1C, 0x73, 0x8E, 0x79, 0xC7, 0x3C, 0xF3, 0xCF,
  0x3C, 0xF3, 0xCF, 0x1C, 0x71, 0xE3, 0x8E, 0x1C, 0x70, 0xE3, 0x87, 0x1C, 0x78, 0xE3, 0x8F, 0x3C,
  0xF3, 0xCF, 0x3C, 0xF3, 0xCE, 0x39, 0xE7, 0x1C, 0xE3, 0x80, 0x1C, 0x0E, 0x1F, 0xFF, 0xF3, 0xF1,
  0xF1, 0xDC, 0x44, 0x0F, 0x00, 0xF0, 0x0F, 0x00, 0xF0, 0xFF, 0xFF, 0xFF, 0xFF, 0xF0, 0xF0, 0x0F,
  0x00, 0xF0, 0x0F, 0x00, 0xFF, 0xF3, 0x36, 0xC0, 0xFF, 0xFF, 0xF8, 0xFF, 0xF0, 0x0E, 0x1C, 0x70,
  0xE1, 0xC3, 0x8E, 0x1C, 0x38, 0x71, 0xC3, 0x87, 0x0E, 0x38, 0x70, 0xE0, 0x1F, 0x07, 0xF9, 0xFF,
  0x3D, 0xFF, 0x1F, 0xE3, 0xFC, 0x7F, 0x8F, 0xF1, 0xFE, 0x3F, 0xC7, 0xF8, 0xFF, 0x1F, 0xF7, 0xDF,
  0xF1, 0xFE, 0x1F, 0x00, 0x0F, 0x0F, 0x3F, 0x7F, 0xFF, 0xEF, 0xCF, 0x0F, 0x0F, 0x0F, 0x0F, 0x0F,
  0x0F, 0x0F, 0x0F, 0x0F, 0x0F, 0x0F, 0xC3, 0xFE, 0x3F, 0xF7, 0xCF, 0x78, 0xF7, 0x87, 0x00, 0xF0,
  0x0F, 0x01, 0xE0, 0x3C, 0x0F, 0x81, 0xF0, 0x3E, 0x03, 0xC0, 0x7F, 0xF7, 0xFF, 0xFF, 0xF0, 0x1F,
  0x07, 0xFC, 0x7F, 0xCF, 0x3E, 0xF1, 0xE0, 0x3C, 0x0F, 0xC0, 0xF8, 0x0F, 0xC0, 0x1E, 0x01, 0xEE,
  0x0F, 0xF1, 0xEF, 0x9E, 0x7F, 0xE7, 0xFC, 0x1F, 0x00, 0x01, 0xE0, 0x0F, 0x00, 0xF8, 0x0F, 0xC0,
  0x7E, 0x07, 0xF0, 0x7F, 0x83, 0xBC, 0x39, 0xE3, 0xCF, 0x1C, 0x79, 0xFF, 0xFF, 0xFF, 0xFF, 0xFC,
  0x07, 0x80, 0x3C, 0x01, 0xE0, 0x3F, 0xE3, 0xFE, 0x7F, 0xE7, 0x80, 0x78, 0x07, 0xF8, 0x7F, 0xCF,
  0xFE, 0xF1, 0xE0, 0x0F, 0x00, 0xFF, 0x0F, 0xF0, 0xFF, 0x9E, 0x7F, 0xE3, 0xFC, 0x1F, 0x80, 0x1F,
  0x83, 0xFC, 0x7F, 0xE7, 0x9E, 0xF0, 0xEF, 0x00, 0xFF, 0x8F, 0xFC, 0xFF, 0xEF, 0x9E, 0xF0, 0xFF,
  0x0F, 0xF0, 0xF7, 0x9E, 0x7F, 0xE3, 0xFC, 0x1F, 0x80, 0xFF, 0xFF, 0xFF, 0xFF, 0xF0, 0x1E, 0x03,
  0xC0, 0x3C, 0x07, 0x80, 0x70, 0x0F, 0x00, 0xE0, 0x1E, 0x01, 0xE0, 0x1C, 0x03, 0xC0, 0x3C, 0x03,
  0xC0, 0x3C, 0x00, 0x1F, 0x8F, 0xF9, 0xFF, 0x7C, 0xFF, 0x1F, 0xE3, 0xDE, 0x7B, 0xFE, 0x3F, 0x8F,
  0xFB, 0xC7, 0xF8, 0x7F, 0x0F, 0xF3, 0xFF, 0xFB, 0xFE, 0x3F, 0x80, 0x3F, 0x0F, 0xF3, 0xFF, 0x79,
  0xFE, 0x1F, 0xC3, 0xF8, 0x7F, 0x9F, 0xFF, 0xEF, 0xFC, 0xFF, 0x80, 0xFF, 0x1F, 0xE7, 0xFF, 0xF3,
  0xFC, 0x3F, 0x00, 0xFF, 0xF0, 0x00, 0x00, 0x00, 0xFF, 0xF0, 0xFF, 0xF0, 0x00, 0x00, 0x00, 0xFF,
  0xF3, 0x7E, 0xC0, 0x00, 0x30, 0x0F, 0x03, 0xF1, 0xFE, 0x7F, 0x8F, 0xE0, 0xF8, 0x0F, 0xE0, 0x7F,
  0x81, 0xFE, 0x03, 0xF0, 0x0F, 0x00, 0x30, 0xFF, 0xFF, 0xFF, 0xFF, 0xF0, 0x00, 0x00, 0x0F, 0xFF,
  0xFF, 0xFF, 0xFF, 0xC0, 0x0F, 0x00, 0xFC, 0x07, 0xF8, 0x1F, 0xE0, 0x7F, 0x01, 0xF0, 0x7F, 0x1F,
  0xE7, 0xF8, 0xFC, 0x0F, 0x00, 0xC0, 0x00, 0x1F, 0xC1, 0xFF, 0x1F, 0xFD, 0xF1, 0xFF, 0x07, 0x80,
  0x3C, 0x03, 0xC0, 0x3E, 0x03, 0xE0, 0x3E, 0x01, 0xE0, 0x0E, 0x00, 0x70, 0x00, 0x00, 0x1C, 0x00,
  0xE0, 0x07, 0x00, 0x00, 0xFF, 0x80, 0x07, 0xFF, 0xC0, 0x1F, 0xFF, 0xC0, 0x7E, 0x0F, 0xC1, 0xE7,
  0xDF, 0xC7, 0x9F, 0xFB, 0x8E, 0x7F, 0xF3, 0xB9, 0xF3, 0xC7, 0x73, 0x83, 0x8E, 0xCF, 0x07, 0x1D,
  0x9E, 0x1E, 0x3B, 0x38, 0x3C, 0x6E, 0x78, 0x71, 0xCC, 0xF3, 0xEF, 0x19, 0xFF, 0xFE, 0x39, 0xFF,
  0xF8, 0x71, 0xF7, 0xC0, 0x70, 0x00, 0x1C, 0xF8, 0x00, 0x78, 0xFE, 0x07, 0xE0, 0xFF, 0xFF, 0x80,
  0x7F, 0xFE, 0x00, 0x3F, 0xF0, 0x00, 0x03, 0xE0, 0x01, 0xF0, 0x01, 0xFC, 0x00, 0xFE, 0x00, 0x77,
  0x00, 0x7B, 0xC0, 0x3D, 0xE0, 0x3C, 0x78, 0x1E, 0x3C, 0x0F, 0x1E, 0x0F, 0xFF, 0x87, 0xFF, 0xC3,
  0xFF, 0xF3, 0xC0, 0x79, 0xE0, 0x3D, 0xE0, 0x0F, 0xF0, 0x07, 0x80, 0xFF, 0xE3, 0xFF, 0xCF, 0xFF,
  0xB8, 0x1E, 0xE0, 0x3F, 0x80, 0xEE, 0x07, 0xBF, 0xFC, 0xFF, 0xF3, 0xFF, 0xEE, 0x07, 0xF8, 0x0F,
  0xE0, 0x3F, 0x81, 0xFF, 0xFF, 0xFF, 0xFE, 0xFF, 0xF0, 0x07, 0xF0, 0x3F, 0xF8, 0xFF, 0xF3, 0xF1,
  0xF7, 0x81, 0xDE, 0x00, 0x3C, 0x00, 0x78, 0x00, 0xF0, 0x01, 0xE0, 0x03, 0xC0, 0x07, 0x80, 0x07,
  0x81, 0xCF, 0x87, 0xCF, 0xFF, 0x8F, 0xFE, 0x0F, 0xF0, 0xFF, 0xE1, 0xFF, 0xF3, 0xFF, 0xF7, 0x83,
  0xEF, 0x03, 0xFE, 0x03, 0xFC, 0x07, 0xF8, 0x0F, 0xF0, 0x1F, 0xE0, 0x3F, 0xC0, 0x7F, 0x80, 0xFF,
  0x03, 0xFE, 0x0F, 0xBF, 0xFF, 0x7F, 0xFC, 0xFF, 0xE0, 0xFF, 0xFF, 0xFF, 0xFF, 0xFF, 0xC0, 0x0E,
  0x00, 0x70, 0x03, 0x80, 0x1F, 0xFE, 0xFF, 0xF7, 0xFF, 0xB8, 0x01, 0xC0, 0x0E, 0x00, 0x70, 0x03,
  0xFF, 0xFF, 0xFF, 0xFF, 0xF8, 0xFF, 0xFF, 0xFF, 0xFF, 0xFE, 0x00, 0xE0, 0x0E, 0x00, 0xE0, 0x0F,
  0xFE, 0xFF, 0xEF, 0xFE, 0xE0, 0x0E, 0x00, 0xE0, 0x0E, 0x00, 0xE0, 0x0E, 0x00, 0xE0, 0x00, 0x07,
  0xF8, 0x1F, 0xFE, 0x3F, 0xFF, 0x7E, 0x3F, 0x78, 0x0E, 0xF8, 0x00, 0xF0, 0x00, 0xF0, 0x00, 0xF0,
  0xFF, 0xF0, 0xFF, 0xF0, 0xFF, 0xF8, 0x0F, 0x78, 0x0F, 0x7E, 0x3F, 0x3F, 0xFF, 0x1F, 0xFE, 0x07,
  0xF8, 0xE0, 0x3F, 0x80, 0xFE, 0x03, 0xF8, 0x0F, 0xE0, 0x3F, 0x80, 0xFE, 0x03, 0xFF, 0xFF, 0xFF,
  0xFF, 0xFF, 0xFE, 0x03, 0xF8, 0x0F, 0xE0, 0x3F, 0x80, 0xFE, 0x03, 0xF8, 0x0F, 0xE0, 0x3C, 0xFF,
  0xFF, 0xFF, 0xFF, 0xFF, 0xFF, 0xFF, 0xFF, 0xF0, 0x00, 0xF0, 0x0F, 0x00, 0xF0, 0x0F, 0x00, 0xF0,
  0x0F, 0x00, 0xF0, 0x0F, 0x00, 0xF0, 0x0F, 0x00, 0xFF, 0x0F, 0xF0, 0xF7, 0x9E, 0x7F, 0xE3, 0xFC,
  0x1F, 0x80, 0xF0, 0x7F, 0xE1, 0xFB, 0xC3, 0xE7, 0x8F, 0x8F, 0x3E, 0x1E, 0xF8, 0x3F, 0xE0, 0x7F,
  0xC0, 0xFF, 0xC1, 0xFF, 0xC3, 0xE7, 0x87, 0x8F, 0x8F, 0x0F, 0x9E, 0x1F, 0x3C, 0x1F, 0x78, 0x1F,
  0xF0, 0x3E, 0xF0, 0x0F, 0x00, 0xF0, 0x0F, 0x00, 0xF0, 0x0F, 0x00, 0xF0, 0x0F, 0x00, 0xF0, 0x0F,
  0x00, 0xF0, 0x0F, 0x00, 0xF0, 0x0F, 0x00, 0xFF, 0xFF, 0xFF, 0xFF, 0xF0, 0xFC, 0x0F, 0xFF, 0x87,
  0xFF, 0xE1, 0xFF, 0xF8, 0x7F, 0xFE, 0x1F, 0xFF, 0xCF, 0xFF, 0xF3, 0xFF, 0xDC, 0xEF, 0xF7, 0x3B,
  0xFD, 0xFE, 0xFF, 0x7F, 0xBF, 0xCF, 0xCF, 0xF3, 0xF3, 0xFC, 0xFC, 0xFF, 0x3F, 0x3F, 0xC7, 0x8F,
  0xF1, 0xE3, 0xC0, 0xF0, 0x3F, 0xC0, 0xFF, 0x83, 0xFE, 0x0F, 0xFC, 0x3F, 0xF8, 0xFE, 0xE3, 0xFB,
  0xCF, 0xE7, 0x3F, 0x9E, 0xFE, 0x3F, 0xF8, 0xFF, 0xE1, 0xFF, 0x83, 0xFE, 0x0F, 0xF8, 0x1F, 0xE0,
  0x7C, 0x07, 0xF0, 0x0F, 0xFE, 0x0F, 0xFF, 0x8F, 0xC7, 0xE7, 0x80, 0xF7, 0x80, 0x7F, 0xC0, 0x1F,
  0xE0, 0x0F, 0xF0, 0x07, 0xF8, 0x03, 0xFC, 0x01, 0xFE, 0x01, 0xF7, 0x80, 0xF3, 0xF1, 0xF8, 0xFF,
  0xF8, 0x3F, 0xF8, 0x07, 0xF0, 0x00, 0xFF, 0xC7, 0xFF, 0xBF, 0xFD, 0xC1, 0xFE, 0x07, 0xF0, 0x3F,
  0x81, 0xFC, 0x1F, 0xFF, 0xF7, 0xFF, 0xBF, 0xF1, 0xC0, 0x0E, 0x00, 0x70, 0x03, 0x80, 0x1C, 0x00,
  0xE0, 0x00, 0x07, 0xF0, 0x0F, 0xFE, 0x0F, 0xFF, 0x8F, 0xC7, 0xE7, 0x80, 0xF7, 0x80, 0x7F, 0xC0,
  0x1F, 0xE0, 0x0F, 0xF0, 0x07, 0xF8, 0x03, 0xFC, 0x01, 0xFE, 0x19, 0xE7, 0x8F, 0xF3, 0xF7, 0xF0,
  0xFF, 0xFE, 0x3F, 0xFF, 0x07, 0xFF, 0x80, 0x01, 0xC0, 0xFF, 0xF1, 0xFF, 0xF3, 0xFF, 0xE7, 0x03,
  0xEE, 0x03, 0xDC, 0x07, 0xB8, 0x1F, 0x7F, 0xFC, 0xFF, 0xF1, 0xFF, 0xC3, 0x8F, 0x87, 0x0F, 0x8E,
  0x0F, 0x9C, 0x0F, 0x38, 0x1F, 0x70, 0x1E, 0xE0, 0x3E, 0x1F, 0xE0, 0xFF, 0xC7, 0xFF, 0xBE, 0x3E,
  0xF0, 0x7F, 0xE0, 0x07, 0xF8, 0x1F, 0xFC, 0x1F, 0xF8, 0x1F, 0xF0, 0x07, 0xFC, 0x0F, 0xF0, 0x3F,
  0xE1, 0xF7, 0xFF, 0x8F, 0xFC, 0x1F, 0xE0, 0xFF, 0xFF, 0xFF, 0xFF, 0xFF, 0xC1, 0xE0, 0x07, 0x80,
  0x1E, 0x00, 0x78, 0x01, 0xE0, 0x07, 0x80, 0x1E, 0x00, 0x78, 0x01, 0xE0, 0x07, 0x80, 0x1E, 0x00,
  0x78, 0x01, 0xE0, 0x07, 0x80, 0xF0, 0x1F, 0xE0, 0x3F, 0xC0, 0x7F, 0x80, 0xFF, 0x01, 0xFE, 0x03,
  0xFC, 0x07, 0xF8, 0x0F, 0xF0, 0x1F, 0xE0, 0x3D, 0xC0, 0x7B, 0xC0, 0xF7, 0x83, 0xCF, 0x8F, 0x9F,
  0xFF, 0x1F, 0xFC, 0x0F, 0xF0, 0xF0, 0x0F, 0xF0, 0x0F, 0x78, 0x1E, 0x78, 0x1E, 0x78, 0x1E, 0x3C,
  0x3C, 0x3C, 0x3C, 0x3E, 0x3C, 0x1E, 0x78, 0x1E, 0x78, 0x0F, 0x70, 0x0F, 0xF0, 0x0F, 0xF0, 0x07,
  0xE0, 0x07, 0xE0, 0x07, 0xE0, 0x03, 0xC0, 0xF0, 0x7C, 0x1F, 0xE0, 0xF8, 0x3F, 0xC3, 0xF0, 0xF3,
  0xC7, 0xF1, 0xE7, 0x8F, 0xE3, 0xCF, 0x1F, 0xC7, 0x9E, 0x7B, 0x9E, 0x1E, 0xF7, 0xBC, 0x3D, 0xCF,
  0x78, 0x7B, 0x8E, 0xF0, 0xFF, 0x1F, 0xC0, 0xFE, 0x3F, 0x81, 0xF8, 0x7F, 0x03, 0xF0, 0x7E, 0x07,
  0xE0, 0xF8, 0x07, 0xC1, 0xF0, 0x0F, 0x03, 0xE0, 0x78, 0x1E, 0x7C, 0x3E, 0x3E, 0x7C, 0x1E, 0x78,
  0x1F, 0xF8, 0x0F, 0xF0, 0x07, 0xE0, 0x07, 0xE0, 0x07, 0xE0, 0x07, 0xE0, 0x0F, 0xF0, 0x1F, 0xF8,
  0x1E, 0x78, 0x3E, 0x7C, 0x7C, 0x3E, 0x78, 0x1E, 0xF8, 0x1F, 0xF8, 0x1F, 0x78, 0x1E, 0x7C, 0x3E,
  0x3C, 0x3C, 0x1E, 0x78, 0x1F, 0x78, 0x0F, 0xF0, 0x07, 0xE0, 0x07, 0xE0, 0x03, 0xC0, 0x03, 0xC0,
  0x03, 0xC0, 0x03, 0xC0, 0x03, 0xC0, 0x03, 0xC0, 0x03, 0xC0, 0x03, 0xC0, 0x7F, 0xFD, 0xFF, 0xF7,
  0xFF, 0xC0, 0x1F, 0x00, 0xF8, 0x07, 0xC0, 0x3E, 0x01, 0xF0, 0x07, 0x80, 0x3E, 0x01, 0xF0, 0x0F,
  0x80, 0x7C, 0x03, 0xE0, 0x0F, 0xFF, 0xFF, 0xFF, 0xFF, 0xFC, 0xFF, 0xFF, 0xFF, 0x8F, 0x1E, 0x3C,
  0x78, 0xF1, 0xE3, 0xC7, 0x8F, 0x1E, 0x3C, 0x78, 0xF1, 0xE3, 0xC7, 0xFF, 0xFF, 0xC0, 0xE1, 0xC3,
  0x83, 0x87, 0x0E, 0x1C, 0x1C, 0x38, 0x70, 0xE0, 0xE1, 0xC3, 0x87, 0x07, 0x0E, 0xFF, 0xFF, 0xF8,
  0xF1, 0xE3, 0xC7, 0x8F, 0x1E, 0x3C, 0x78, 0xF1, 0xE3, 0xC7, 0x8F, 0x1E, 0x3C, 0x7F, 0xFF, 0xFF,
  0xC0, 0x0F, 0x00, 0xF0, 0x1F, 0x81, 0xF8, 0x3F, 0xC3, 0x9C, 0x79, 0xE7, 0x9E, 0xF0, 0xF0, 0xFF,
  0xFF, 0xFF, 0xFF, 0xFF, 0xC0, 0xF7, 0x9C, 0x70, 0x3F, 0x87, 0xFC, 0x71, 0xEF, 0x1E, 0x01, 0xE0,
  0xFE, 0x7F, 0xEF, 0xFE, 0xF1, 0xEE, 0x1E, 0xF3, 0xEF, 0xFE, 0x7E, 0xF0, 0xF0, 0x07, 0x80, 0x3C,
  0x01, 0xE0, 0x0F, 0x7C, 0x7F, 0xF3, 0xFF, 0xDF, 0x9F, 0xF8, 0x7F, 0x83, 0xFC, 0x1F, 0xE0, 0xFF,
  0x87, 0xFE, 0x7B, 0xFF, 0xDF, 0xFC, 0xF7, 0xC0, 0x1F, 0x83, 0xFC, 0x7F, 0xEF, 0x9F, 0xF0, 0xEF,
  0x00, 0xF0, 0x0F, 0x00, 0xF0, 0xEF, 0x9F, 0x7F, 0xE3, 0xFE, 0x1F, 0x80, 0x00, 0x70, 0x07, 0x00,
  0x70, 0x07, 0x1F, 0x77, 0xFF, 0x7F, 0xFF, 0x9F, 0xF0, 0xFF, 0x07, 0xF0, 0x7F, 0x0F, 0xF0, 0xFF,
  0x9F, 0x7F, 0xF7, 0xFF, 0x1F, 0x70, 0x1F, 0x87, 0xFC, 0x7F, 0xEF, 0x1E, 0xF0, 0xEF, 0xFF, 0xFF,
  0xFE, 0x00, 0xF0, 0x0F, 0x9E, 0x7F, 0xE7, 0xFC, 0x1F, 0x80, 0x1F, 0x9F, 0xCF, 0x07, 0x83, 0xC7,
  0xFB, 0xFC, 0x78, 0x3C, 0x1E, 0x0F, 0x07, 0x83, 0xC1, 0xE0, 0xF0, 0x78, 0x3C, 0x00, 0x1F, 0x77,
  0xFF, 0x7F, 0xFF, 0x9F, 0xF0, 0xFF, 0x07, 0xF0, 0x7F, 0x07, 0xF0, 0xFF, 0x9F, 0x7F, 0xF7, 0xFF,
  0x1E, 0x70, 0x0F, 0xF8, 0xFF, 0xFF, 0x7F, 0xE3, 0xFC, 0xF0, 0x0F, 0x00, 0xF0, 0x0F, 0x00, 0xF7,
  0xCF, 0xFE, 0xFF, 0xFF, 0xCF, 0xF8, 0xFF, 0x0F, 0xF0, 0x7F, 0x07, 0xF0, 0x7F, 0x07, 0xF0, 0x7F,
  0x07, 0xF0, 0x70, 0xFF, 0xF0, 0xFF, 0xFF, 0xFF, 0xFF, 0xFF, 0xFF, 0xF0, 0x3C, 0xF3, 0xC0, 0x3C,
  0xF3, 0xCF, 0x3C, 0xF3, 0xCF, 0x3C, 0xF3, 0xCF, 0x3C, 0xF3, 0xFF, 0xFF, 0xE0, 0xF0, 0x0F, 0x00,
  0xF0, 0x0F, 0x00, 0xF1, 0xFF, 0x3E, 0xF7, 0xCF, 0x78, 0xFF, 0x0F, 0xF0, 0xFF, 0x8F, 0xF8, 0xF3,
  0xCF, 0x3C, 0xF1, 0xEF, 0x0F, 0xF0, 0xF0, 0xFF, 0xFF, 0xFF, 0xFF, 0xFF, 0xFF, 0xFF, 0xFF, 0xF0,
  0xF7, 0xCF, 0x9F, 0xFF, 0xFB, 0xFF, 0xFF, 0xFC, 0xFC, 0xFF, 0x0F, 0x1F, 0xE1, 0xE3, 0xFC, 0x3C,
  0x7F, 0x87, 0x8F, 0xF0, 0xF1, 0xFE, 0x1E, 0x3F, 0xC3, 0xC7, 0xF8, 0x78, 0xFF, 0x0F, 0x1E, 0xF7,
  0xCF, 0xFE, 0xFF, 0xFF, 0xCF, 0xF8, 0xFF, 0x0F, 0xF0, 0xFF, 0x07, 0xF0, 0x7F, 0x07, 0xF0, 0x7F,
  0x07, 0xF0, 0x70, 0x1F, 0x81, 0xFF, 0x1F, 0xFD, 0xF3, 0xEF, 0x07, 0xF8, 0x3F, 0xC1, 0xFE, 0x0F,
  0xF0, 0x7F, 0xCF, 0x9F, 0xFC, 0x7F, 0xC1, 0xF8, 0x00, 0xF7, 0xC7, 0xFF, 0x3F, 0xFD, 0xF9, 0xFF,
  0x87, 0xF8, 0x3F, 0xC1, 0xFE, 0x0F, 0xF8, 0x7F, 0xE7, 0xBF, 0xFD, 0xFF, 0xCF, 0x7C, 0x78, 0x03,
  0xC0, 0x1E, 0x00, 0xF0, 0x07, 0x80, 0x00, 0x1F, 0x73, 0xFF, 0x7F, 0xFF, 0x9F, 0xF0, 0xFF, 0x07,
  0xF0, 0x7F, 0x07, 0xF0, 0xFF, 0x9F, 0x7F, 0xF3, 0xFF, 0x1F, 0x70, 0x07, 0x00, 0x70, 0x07, 0x00,
  0x70, 0x07, 0xFF, 0xFF, 0xFF, 0xDF, 0x2F, 0x87, 0x83, 0xC1, 0xE0, 0xF0, 0x78, 0x3C, 0x1E, 0x0F,
  0x00, 0x1F, 0xC3, 0xFE, 0x79, 0xE7, 0x8F, 0x7E, 0x07, 0xFC, 0x3F, 0xF0, 0xFF, 0x01, 0xFF, 0x07,
  0x78, 0xF3, 0xFE, 0x1F, 0xC0, 0x08, 0x38, 0x38, 0x38, 0xFF, 0xFF, 0xFF, 0x38, 0x38, 0x38, 0x38,
  0x38, 0x38, 0x3C, 0x3F, 0x3F, 0x1F, 0xF0, 0xFF, 0x0F, 0xF0, 0xFF, 0x0F, 0xF0, 0xFF, 0x0F, 0xF0,
  0xFF, 0x0F, 0xF0, 0xF7, 0x9F, 0x7F, 0xF7, 0xFF, 0x3F, 0x70, 0xF0, 0x7F, 0x83, 0xDE, 0x1C, 0xF1,
  0xE3, 0x8F, 0x1E, 0xF0, 0xF7, 0x83, 0xB8, 0x1F, 0xC0, 0x7E, 0x03, 0xE0, 0x1F, 0x00, 0x78, 0x00,
  0xF1, 0xE1, 0xFE, 0x3E, 0x39, 0xC7, 0xCF, 0x3C, 0xF9, 0xE7, 0xBF, 0x3C, 0x77, 0xF7, 0x0E, 0xEF,
  0xE1, 0xFD, 0xFC, 0x3F, 0xBF, 0x03, 0xE7, 0xE0, 0x7C, 0x7C, 0x0F, 0x8F, 0x00, 0xF1, 0xE0, 0xF8,
  0xFB, 0xE7, 0x8F, 0x78, 0x7F, 0xC1, 0xFC, 0x07, 0xC0, 0x3E, 0x01, 0xF8, 0x1F, 0xC1, 0xFF, 0x0F,
  0x7C, 0xF1, 0xEF, 0x87, 0x80, 0xF0, 0x7F, 0x83, 0xDE, 0x1C, 0xF1, 0xE3, 0x8F, 0x1E, 0x70, 0xF7,
  0x83, 0xBC, 0x1F, 0xC0, 0xFE, 0x03, 0xF0, 0x1F, 0x00, 0xF8, 0x07, 0x80, 0x3C, 0x0F, 0xE0, 0x7E,
  0x03, 0xE0, 0x00, 0x7F, 0xE7, 0xFE, 0x7F, 0xE0, 0x3E, 0x07, 0xC0, 0xF8, 0x1F, 0x03, 0xE0, 0x7C,
  0x07, 0x80, 0xFF, 0xFF, 0xFF, 0xFF, 0xF0, 0x07, 0x87, 0xC7, 0xE3, 0xC1, 0xE0, 0xF0, 0x70, 0x38,
  0x3C, 0x7E, 0x3E, 0x1F, 0x03, 0xC0, 0xE0, 0x70, 0x3C, 0x1E, 0x0F, 0x07, 0x83, 0xF0, 0xF8, 0x3C,
  0xFF, 0xFF, 0xFF, 0xFF, 0xFF, 0xFF, 0xFF, 0xFF, 0xF8, 0xF8, 0x7E, 0x3F, 0x07, 0x81, 0xC0, 0xE0,
  0x70, 0x38, 0x1E, 0x07, 0xC1, 0xE1, 0xF1, 0xE0, 0xF0, 0x70, 0x38, 0x1C, 0x0E, 0x0F, 0x1F, 0x8F,
  0xC7, 0xC0, 0x7C, 0x1F, 0xF3, 0xFF, 0xFC, 0xFF, 0x83, 0xE0, 0xFF, 0xF8, 0x01, 0x80, 0x18, 0x01,
  0x80, 0x18, 0x01, 0x80, 0x18, 0x01, 0x80, 0x18, 0x01, 0x80, 0x18, 0x01, 0x80, 0x18, 0x01, 0x80,
  0x1F, 0xFF, 0xFF, 0xF0, 0x66, 0x67, 0xFF, 0xFF, 0xFF, 0xFF, 0xFF, 0x00, 0xC0, 0x0C, 0x01, 0x80,
  0x18, 0x1F, 0x83, 0xFC, 0x7F, 0xEF, 0xBE, 0xF3, 0xFF, 0x60, 0xF6, 0x0F, 0x60, 0xFC, 0xFF, 0xDF,
  0x7F, 0xE3, 0xFC, 0x1F, 0x81, 0x80, 0x18, 0x03, 0x00, 0x30, 0x03, 0x00, 0x0F, 0xC0, 0xFF, 0x0F,
  0xFC, 0xF9, 0xE7, 0x87, 0x3C, 0x00, 0xE0, 0x1F, 0xF0, 0xFF, 0x87, 0xFC, 0x0F, 0x00, 0x78, 0x03,
  0x80, 0x3F, 0x9B, 0xFF, 0xFF, 0xFF, 0x63, 0xF0, 0x40, 0x4F, 0xFE, 0xFF, 0xFF, 0xFE, 0x79, 0xEF,
  0x0E, 0xF0, 0xE7, 0x9E, 0xFF, 0xEF, 0xFF, 0xEF, 0xE4, 0x04, 0xF0, 0x7B, 0xC3, 0xDE, 0x3C, 0x79,
  0xE3, 0xDE, 0x0E, 0xF0, 0x7F, 0x1F, 0xFF, 0xFF, 0xF8, 0x38, 0x3F, 0xFF, 0xFF, 0xF0, 0x70, 0x03,
  0x80, 0x1C, 0x00, 0xE0, 0x07, 0x00, 0xFF, 0xFF, 0xFF, 0xFC, 0x00, 0x3F, 0xFF, 0xFF, 0xF8, 0x1F,
  0x81, 0xFE, 0x0F, 0xF8, 0xF3, 0xC3, 0xCF, 0x1F, 0x00, 0xFE, 0x0F, 0xF8, 0x73, 0xE7, 0x8F, 0x9C,
  0x1E, 0xF8, 0xF7, 0xE7, 0x8F, 0xF8, 0x3F, 0x80, 0x7C, 0x01, 0xF3, 0xC7, 0x9F, 0x3C, 0x7F, 0xE1,
  0xFE, 0x07, 0xE0, 0xE7, 0xE7, 0xE7, 0x07, 0xF0, 0x03, 0xFF, 0x03, 0xE1, 0xE1, 0xE0, 0x1C, 0x73,
  0xE3, 0xB9, 0xFC, 0x6C, 0x73, 0x9F, 0x38, 0x63, 0xCE, 0x00, 0xF3, 0x86, 0x3C, 0x73, 0x9F, 0x9F,
  0xC6, 0x73, 0xE3, 0x9E, 0x01, 0xC3, 0xE1, 0xE0, 0x3F, 0xF0, 0x07, 0xF8, 0x00, 0x3E, 0x7F, 0x77,
  0x1F, 0x7F, 0xF7, 0xE7, 0xFF, 0x7F, 0x1C, 0xE3, 0xB8, 0xEF, 0x3D, 0xC7, 0x79, 0xEE, 0x1D, 0xE3,
  0xDC, 0x39, 0xC3, 0xB8, 0x73, 0x80, 0xFF, 0xFF, 0xFF, 0xFF, 0xF0, 0x07, 0x00, 0x70, 0x07, 0x00,
  0x70, 0x07, 0xFF, 0xFF, 0xF8, 0x07, 0xF8, 0x07, 0xFF, 0x03, 0xE1, 0xE1, 0xE0, 0x1C, 0x77, 0xF3,
  0xB9, 0xFE, 0x6C, 0x63, 0x9F, 0x18, 0xE3, 0xC7, 0xF0, 0xF1, 0xF8, 0x3C, 0x6F, 0x1F, 0x99, 0xC6,
  0x76, 0x3B, 0x9E, 0x01, 0xC3, 0xE1, 0xE0, 0x3F, 0xF0, 0x07, 0xF8, 0x00, 0xFF, 0xFF, 0xFF, 0xFF,
  0xFF, 0xC0, 0x3C, 0x7E, 0xE6, 0xC7, 0xC7, 0xE6, 0x7E, 0x3C, 0x07, 0x00, 0x38, 0x01, 0xC0, 0x0E,
  0x0F, 0xFF, 0xFF, 0xFF, 0xFF, 0xE0, 0xE0, 0x07, 0x00, 0x38, 0x01, 0xC0, 0x00, 0x0F, 0xFF, 0xFF,
  0xFF, 0xFF, 0xE0, 0x3C, 0x7E, 0xE7, 0x06, 0x0E, 0x3C, 0x78, 0x7F, 0xFF, 0x3C, 0x7E, 0x6E, 0x1E,
  0x1E, 0x07, 0xE7, 0x7E, 0x3C, 0x7B, 0xDD, 0xC0, 0xF0, 0xFF, 0x0F, 0xF0, 0xFF, 0x0F, 0xF0, 0xFF,
  0x0F, 0xF0, 0xFF, 0x0F, 0xF0, 0xFF, 0x9F, 0xFF, 0xFF, 0xFF, 0xFF, 0xFF, 0x00, 0xF0, 0x0F, 0x00,
  0xF0, 0x0F, 0x00, 0x3F, 0xFB, 0xFF, 0xFF, 0xFF, 0xFE, 0xEF, 0xF7, 0x7F, 0xBB, 0xFD, 0xDF, 0xEE,
  0x7F, 0x71, 0xFB, 0x83, 0xDC, 0x1E, 0xE0, 0xF7, 0x07, 0xB8, 0x3D, 0xC1, 0xEE, 0x0F, 0x70, 0x7B,
  0x83, 0xDC, 0x1E, 0xE0, 0xF7, 0x07, 0xB8, 0xFF, 0xF0, 0x3C, 0x1C, 0x3F, 0xE0, 0x3B, 0xFF, 0xF3,
  0x9C, 0xE7, 0x38, 0x3E, 0x3F, 0xBD, 0xDC, 0x7E, 0x3F, 0x1F, 0xDC, 0xFE, 0x3E, 0x00, 0xE7, 0x0E,
  0xF1, 0xEE, 0x1C, 0xE3, 0xDE, 0x3D, 0xC7, 0x79, 0xCE, 0x7B, 0x8E, 0xF3, 0x9C, 0x00, 0x38, 0x06,
  0x0F, 0x01, 0x83, 0xE0, 0x70, 0x7C, 0x0C, 0x03, 0x83, 0x80, 0x70, 0x60, 0x0E, 0x18, 0x01, 0xC7,
  0x00, 0x38, 0xC1, 0xC0, 0x38, 0x78, 0x06, 0x1F, 0x01, 0x87, 0xE0, 0x71, 0xDC, 0x0C, 0x3F, 0xC3,
  0x87, 0xF8, 0x60, 0x0E, 0x18, 0x01, 0xC0, 0x38, 0x06, 0x0F, 0x01, 0x83, 0xE0, 0x70, 0x7C, 0x0C,
  0x03, 0x83, 0x80, 0x70, 0x60, 0x0E, 0x18, 0x01, 0xC7, 0x00, 0x38, 0xC7, 0x80, 0x39, 0xF8, 0x06,
  0x73, 0x81, 0x80, 0x60, 0x70, 0x1C, 0x0C, 0x0F, 0x03, 0x83, 0xC0, 0x60, 0x7F, 0x18, 0x1F, 0xE0,
  0x3C, 0x03, 0x07, 0xE0, 0x70, 0x6E, 0x06, 0x01, 0xE0, 0xC0, 0x1E, 0x0C, 0x00, 0x71, 0x80, 0xE7,
  0x38, 0x07, 0xE3, 0x00, 0x3C, 0x60, 0xE0, 0x06, 0x1E, 0x00, 0xC3, 0xE0, 0x1C, 0x7E, 0x01, 0x8E,
  0xE0, 0x30, 0xFF, 0x03, 0x0F, 0xF0, 0x60, 0x0E, 0x0E, 0x00, 0xE0, 0x0F, 0x00, 0x78, 0x03, 0xC0,
  0x00, 0x00, 0x70, 0x03, 0x80, 0x3C, 0x03, 0xE0, 0x3E, 0x03, 0xE0, 0x1E, 0x01, 0xE0, 0x0F, 0x00,
  0x78, 0x3F, 0xE3, 0xCF, 0xFE, 0x3F, 0xE0, 0xFE, 0x00, 0x07, 0x80, 0x01, 0xE0, 0x00, 0x70, 0x00,
  0x18, 0x00, 0x00, 0x00, 0x00, 0x00, 0x0F, 0x80, 0x07, 0xC0, 0x07, 0xF0, 0x03, 0xF8, 0x01, 0xDC,
  0x01, 0xEF, 0x00, 0xF7, 0x80, 0xF1, 0xE0, 0x78, 0xF0, 0x3C, 0x78, 0x3F, 0xFE, 0x1F, 0xFF, 0x0F,
  0xFF, 0xCF, 0x01, 0xE7, 0x80, 0xF7, 0x80, 0x3F, 0xC0, 0x1E, 0x00, 0xF0, 0x00, 0xF0, 0x00, 0x70,
  0x00, 0x70, 0x00, 0x00, 0x00, 0x00, 0x00, 0x0F, 0x80, 0x07, 0xC0, 0x07, 0xF0, 0x03, 0xF8, 0x01,
  0xDC, 0x01, 0xEF, 0x00, 0xF7, 0x80, 0xF1, 0xE0, 0x78, 0xF0, 0x3C, 0x78, 0x3F, 0xFE, 0x1F, 0xFF,
  0x0F, 0xFF, 0xCF, 0x01, 0xE7, 0x80, 0xF7, 0x80, 0x3F, 0xC0, 0x1E, 0x03, 0xE0, 0x01, 0xF0, 0x01,
  0xFC, 0x00, 0xEE, 0x00, 0x00, 0x00, 0x00, 0x00, 0x0F, 0x80, 0x07, 0xC0, 0x07, 0xF0, 0x03, 0xF8,
  0x01, 0xDC, 0x01, 0xEF, 0x00, 0xF7, 0x80, 0xF1, 0xE0, 0x78, 0xF0, 0x3C, 0x78, 0x3F, 0xFE, 0x1F,
  0xFF, 0x0F, 0xFF, 0xCF, 0x01, 0xE7, 0x80, 0xF7, 0x80, 0x3F, 0xC0, 0x1E, 0x07, 0xB8, 0x07, 0xF8,
  0x03, 0x3C, 0x00, 0x00, 0x00, 0x00, 0x00, 0x1F, 0x00, 0x0F, 0x80, 0x0F, 0xE0, 0x07, 0xF0, 0x03,
  0xB8, 0x03, 0xDE, 0x01, 0xEF, 0x01, 0xE3, 0xC0, 0xF1, 0xE0, 0x78, 0xF0, 0x7F, 0xFC, 0x3F, 0xFE,
  0x1F, 0xFF, 0x9E, 0x03, 0xCF, 0x01, 0xEF, 0x00, 0x7F, 0x80, 0x3C, 0x0F, 0x78, 0x07, 0xBC, 0x03,
  0xDE, 0x00, 0x00, 0x00, 0x00, 0x00, 0x1F, 0x00, 0x0F, 0x80, 0x0F, 0xE0, 0x07, 0xF0, 0x03, 0xB8,
  0x03, 0xDE, 0x01, 0xEF, 0x01, 0xE3, 0xC0, 0xF1, 0xE0, 0x78, 0xF0, 0x7F, 0xFC, 0x3F, 0xFE, 0x1F,
  0xFF, 0x9E, 0x03, 0xCF, 0x01, 0xEF, 0x00, 0x7F, 0x80, 0x3C, 0x01, 0xC0, 0x01, 0xB0, 0x00, 0xD8,
  0x00, 0x7C, 0x00, 0x3E, 0x00, 0x3F, 0x80, 0x1F, 0xC0, 0x0E, 0xE0, 0x0F, 0x78, 0x07, 0xBC, 0x07,
  0x8F, 0x03, 0xC7, 0x81, 0xE3, 0xC1, 0xFF, 0xF0, 0xFF, 0xF8, 0x7F, 0xFE, 0x78, 0x0F, 0x3C, 0x07,
  0xBC, 0x01, 0xFE, 0x00, 0xF0, 0x00, 0xFF, 0xFF, 0x01, 0xFF, 0xFF, 0x01, 0xFF, 0xFF, 0x03, 0xDE,
  0x00, 0x03, 0xDE, 0x00, 0x07, 0x9E, 0x00, 0x07, 0x9F, 0xFE, 0x0F, 0x1F, 0xFE, 0x0F, 0x1F, 0xFE,
  0x1E, 0x1E, 0x00, 0x1F, 0xFE, 0x00, 0x3F, 0xFE, 0x00, 0x3F, 0xFE, 0x00, 0x7C, 0x1E, 0x00, 0x78,
  0x1F, 0xFF, 0xF8, 0x1F, 0xFF, 0xF0, 0x1F, 0xFF, 0x07, 0xF0, 0x3F, 0xF8, 0xFF, 0xF3, 0xF1, 0xF7,
  0x81, 0xDE, 0x00, 0x3C, 0x00, 0x78, 0x00, 0xF0, 0x01, 0xE0, 0x03, 0xC0, 0x07, 0x80, 0x07, 0x81,
  0xCF, 0x87, 0xCF, 0xFF, 0x8F, 0xFE, 0x0F, 0xF0, 0x07, 0x80, 0x03, 0x80, 0x07, 0x00, 0xFC, 0x00,
  0x1E, 0x00, 0x70, 0x01, 0xC0, 0x0E, 0x00, 0x00, 0x00, 0x03, 0xFF, 0xFF, 0xFF, 0xFF, 0xFF, 0x00,
  0x38, 0x01, 0xC0, 0x0E, 0x00, 0x7F, 0xFB, 0xFF, 0xDF, 0xFE, 0xE0, 0x07, 0x00, 0x38, 0x01, 0xC0,
  0x0F, 0xFF, 0xFF, 0xFF, 0xFF, 0xE0, 0x07, 0x80, 0x3C, 0x01, 0xC0, 0x1C, 0x00, 0x00, 0x00, 0x03,
  0xFF, 0xFF, 0xFF, 0xFF, 0xFF, 0x00, 0x38, 0x01, 0xC0, 0x0E, 0x00, 0x7F, 0xFB, 0xFF, 0xDF, 0xFE,
  0xE0, 0x07, 0x00, 0x38, 0x01, 0xC0, 0x0F, 0xFF, 0xFF, 0xFF, 0xFF, 0xE0, 0x0F, 0x00, 0xFC, 0x07,
  0xE0, 0x73, 0x80, 0x00, 0x00, 0x03, 0xFF, 0xFF, 0xFF, 0xFF, 0xFF, 0x00, 0x38, 0x01, 0xC0, 0x0E,
  0x00, 0x7F, 0xFB, 0xFF, 0xDF, 0xFE, 0xE0, 0x07, 0x00, 0x38, 0x01, 0xC0, 0x0F, 0xFF, 0xFF, 0xFF,
  0xFF, 0xE0, 0x39, 0xC1, 0xCE, 0x0E, 0x70, 0x00, 0x00, 0x00, 0x7F, 0xFF, 0xFF, 0xFF, 0xFF, 0xE0,
  0x07, 0x00, 0x38, 0x01, 0xC0, 0x0F, 0xFF, 0x7F, 0xFB, 0xFF, 0xDC, 0x00, 0xE0, 0x07, 0x00, 0x38,
  0x01, 0xFF, 0xFF, 0xFF, 0xFF, 0xFC, 0xF3, 0x8E, 0x70, 0x01, 0xEF, 0x7B, 0xDE, 0xF7, 0xBD, 0xEF,
  0x7B, 0xDE, 0xF7, 0xBD, 0xE0, 0x7B, 0xDD, 0xC0, 0x03, 0xDE, 0xF7, 0xBD, 0xEF, 0x7B, 0xDE, 0xF7,
  0xBD, 0xEF, 0x7B, 0xC0, 0x7C, 0xFB, 0xFF, 0x70, 0x00, 0x1E, 0x3C, 0x78, 0xF1, 0xE3, 0xC7, 0x8F,
  0x1E, 0x3C, 0x78, 0xF1, 0xE3, 0xC7, 0x8F, 0x1E, 0x00, 0xF7, 0xFB, 0xFD, 0xE0, 0x00, 0x01, 0xE0,
  0xF0, 0x78, 0x3C, 0x1E, 0x0F, 0x07, 0x83, 0xC1, 0xE0, 0xF0, 0x78, 0x3C, 0x1E, 0x0F, 0x07, 0x83,
  0xC1, 0xE0, 0x3F, 0xF0, 0x3F, 0xFC, 0x3F, 0xFE, 0x38, 0x3E, 0x38, 0x1F, 0x38, 0x0F, 0x38, 0x0F,
  0xFF, 0x8F, 0xFF, 0x8F, 0x38, 0x0F, 0x38, 0x0F, 0x38, 0x0F, 0x38, 0x0F, 0x38, 0x3E, 0x3F, 0xFE,
  0x3F, 0xFC, 0x3F, 0xF0, 0x1E, 0x60, 0x7F, 0x83, 0xBC, 0x00, 0x00, 0x00, 0x03, 0xC0, 0xFF, 0x03,
  0xFE, 0x0F, 0xF8, 0x3F, 0xF0, 0xFF, 0xE3, 0xFB, 0x8F, 0xEF, 0x3F, 0x9C, 0xFE, 0x7B, 0xF8, 0xFF,
  0xE3, 0xFF, 0x87, 0xFE, 0x0F, 0xF8, 0x3F, 0xE0, 0x7F, 0x81, 0xF0, 0x07, 0x80, 0x01, 0xC0, 0x00,
  0x70, 0x00, 0x38, 0x00, 0x00, 0x00, 0x00, 0x00, 0x1F, 0xC0, 0x3F, 0xF8, 0x3F, 0xFE, 0x3F, 0x1F,
  0x9E, 0x03, 0xDE, 0x01, 0xFF, 0x00, 0x7F, 0x80, 0x3F, 0xC0, 0x1F, 0xE0, 0x0F, 0xF0, 0x07, 0xF8,
  0x07, 0xDE, 0x03, 0xCF, 0xC7, 0xE3, 0xFF, 0xE0, 0xFF, 0xE0, 0x1F, 0xC0, 0x01, 0xE0, 0x00, 0xF0,
  0x00, 0x70, 0x00, 0x70, 0x00, 0x00, 0x00, 0x00, 0x00, 0x1F, 0xC0, 0x3F, 0xF8, 0x3F, 0xFE, 0x3F,
  0x1F, 0x9E, 0x03, 0xDE, 0x01, 0xFF, 0x00, 0x7F, 0x80, 0x3F, 0xC0, 0x1F, 0xE0, 0x0F, 0xF0, 0x07,
  0xF8, 0x07, 0xDE, 0x03, 0xCF, 0xC7, 0xE3, 0xFF, 0xE0, 0xFF, 0xE0, 0x1F, 0xC0, 0x03, 0xC0, 0x01,
  0xF0, 0x01, 0xFC, 0x01, 0xEE, 0x00, 0x00, 0x00, 0x00, 0x00, 0x1F, 0xC0, 0x3F, 0xF8, 0x3F, 0xFE,
  0x3F, 0x1F, 0x9E, 0x03, 0xDE, 0x01, 0xFF, 0x00, 0x7F, 0x80, 0x3F, 0xC0, 0x1F, 0xE0, 0x0F, 0xF0,
  0x07, 0xF8, 0x07, 0xDE, 0x03, 0xCF, 0xC7, 0xE3, 0xFF, 0xE0, 0xFF, 0xE0, 0x1F, 0xC0, 0x07, 0xB0,
  0x07, 0xF8, 0x03, 0x7C, 0x00, 0x00, 0x00, 0x00, 0x00, 0x3F, 0x80, 0x7F, 0xF0, 0x7F, 0xFC, 0x7E,
  0x3F, 0x3C, 0x07, 0xBC, 0x03, 0xFE, 0x00, 0xFF, 0x00, 0x7F, 0x80, 0x3F, 0xC0, 0x1F, 0xE0, 0x0F,
  0xF0, 0x0F, 0xBC, 0x07, 0x9F, 0x8F, 0xC7, 0xFF, 0xC1, 0xFF, 0xC0, 0x3F, 0x80, 0x0E, 0x70, 0x07,
  0x38, 0x03, 0x9C, 0x00, 0x00, 0x00, 0x00, 0x00, 0x3F, 0x80, 0x7F, 0xF0, 0x7F, 0xFC, 0x7E, 0x3F,
  0x3C, 0x07, 0xBC, 0x03, 0xFE, 0x00, 0xFF, 0x00, 0x7F, 0x80, 0x3F, 0xC0, 0x1F, 0xE0, 0x0F, 0xF0,
  0x0F, 0xBC, 0x07, 0x9F, 0x8F, 0xC7, 0xFF, 0xC1, 0xFF, 0xC0, 0x3F, 0x80, 0x20, 0x47, 0x0E, 0xF9,
  0xF7, 0xFE, 0x3F, 0xC1, 0xF8, 0x1F, 0x83, 0xFC, 0x7F, 0xEF, 0x9E, 0x70, 0xF2, 0x04, 0x00, 0x01,
  0x03, 0xF9, 0xC7, 0xFF, 0xC7, 0xFF, 0xE7, 0xE3, 0xF3, 0xC0, 0xFB, 0xC0, 0xFF, 0xE0, 0xEF, 0xF0,
  0xE7, 0xF8, 0xE3, 0xFC, 0xE1, 0xFE, 0xE0, 0xFF, 0xE0, 0xF3, 0xE0, 0x79, 0xF8, 0xFC, 0xFF, 0xFC,
  0xFF, 0xFC, 0x77, 0xF8, 0x10, 0x00, 0x00, 0x0F, 0x00, 0x0F, 0x00, 0x0E, 0x00, 0x0C, 0x00, 0x00,
  0x00, 0x00, 0x3C, 0x07, 0xF8, 0x0F, 0xF0, 0x1F, 0xE0, 0x3F, 0xC0, 0x7F, 0x80, 0xFF, 0x01, 0xFE,
  0x03, 0xFC, 0x07, 0xF8, 0x0F, 0x70, 0x1E, 0xF0, 0x3D, 0xE0, 0xF3, 0xE3, 0xE7, 0xFF, 0xC7, 0xFF,
  0x03, 0xFC, 0x00, 0x01, 0xE0, 0x07, 0x80, 0x0E, 0x00, 0x38, 0x00, 0x00, 0x00, 0x00, 0x3C, 0x07,
  0xF8, 0x0F, 0xF0, 0x1F, 0xE0, 0x3F, 0xC0, 0x7F, 0x80, 0xFF, 0x01, 0xFE, 0x03, 0xFC, 0x07, 0xF8,
  0x0F, 0x70, 0x1E, 0xF0, 0x3D, 0xE0, 0xF3, 0xE3, 0xE7, 0xFF, 0xC7, 0xFF, 0x03, 0xFC, 0x00, 0x03,
  0xC0, 0x0F, 0x80, 0x3F, 0x80, 0x77, 0x80, 0x00, 0x00, 0x00, 0x3C, 0x07, 0xF8, 0x0F, 0xF0, 0x1F,
  0xE0, 0x3F, 0xC0, 0x7F, 0x80, 0xFF, 0x01, 0xFE, 0x03, 0xFC, 0x07, 0xF8, 0x0F, 0x70, 0x1E, 0xF0,
  0x3D, 0xE0, 0xF3, 0xE3, 0xE7, 0xFF, 0xC7, 0xFF, 0x03, 0xFC, 0x00, 0x1E, 0xF0, 0x3D, 0xE0, 0x7B,
  0xC0, 0x00, 0x00, 0x00, 0x1E, 0x03, 0xFC, 0x07, 0xF8, 0x0F, 0xF0, 0x1F, 0xE0, 0x3F, 0xC0, 0x7F,
  0x80, 0xFF, 0x01, 0xFE, 0x03, 0xFC, 0x07, 0xB8, 0x0F, 0x78, 0x1E, 0xF0, 0x79, 0xF1, 0xF3, 0xFF,
  0xE3, 0xFF, 0x81, 0xFE, 0x00, 0x01, 0xE0, 0x01, 0xC0, 0x03, 0x80, 0x03, 0x80, 0x00, 0x00, 0x00,
  0x00, 0xF8, 0x1F, 0x78, 0x1E, 0x7C, 0x3E, 0x3C, 0x3C, 0x1E, 0x78, 0x1F, 0x78, 0x0F, 0xF0, 0x07,
  0xE0, 0x07, 0xE0, 0x03, 0xC0, 0x03, 0xC0, 0x03, 0xC0, 0x03, 0xC0, 0x03, 0xC0, 0x03, 0xC0, 0x03,
  0xC0, 0x03, 0xC0, 0xE0, 0x07, 0x00, 0x38, 0x01, 0xFF, 0x8F, 0xFF, 0x7F, 0xFB, 0x83, 0xFC, 0x0F,
  0xE0, 0x7F, 0x03, 0xF8, 0x3F, 0xFF, 0xEF, 0xFF, 0x7F, 0xE3, 0x80, 0x1C, 0x00, 0xE0, 0x00, 0x1F,
  0x81, 0xFE, 0x1F, 0xF8, 0xF3, 0xCF, 0x1E, 0x79, 0xE3, 0xCF, 0x1E, 0xF0, 0xF7, 0xC7, 0x9F, 0x3C,
  0x7D, 0xE1, 0xFF, 0x07, 0xFB, 0xBF, 0xDF, 0xFE, 0x7E, 0xF1, 0xE0, 0x3C, 0x01, 0xE0, 0x0E, 0x00,
  0x60, 0x00, 0x00, 0x00, 0x3F, 0x87, 0xFC, 0x71, 0xEF, 0x1E, 0x01, 0xE0, 0xFE, 0x7F, 0xEF, 0xFE,
  0xF1, 0xEE, 0x1E, 0xF3, 0xEF, 0xFE, 0x7E, 0xF0, 0x07, 0x80, 0x70, 0x0F, 0x00, 0xE0, 0x00, 0x00,
  0x00, 0x3F, 0x87, 0xFC, 0x71, 0xEF, 0x1E, 0x01, 0xE0, 0xFE, 0x7F, 0xEF, 0xFE, 0xF1, 0xEE, 0x1E,
  0xF3, 0xEF, 0xFE, 0x7E, 0xF0, 0x0F, 0x01, 0xF0, 0x3F, 0x83, 0xBC, 0x00, 0x00, 0x00, 0x3F, 0x87,
  0xFC, 0x71, 0xEF, 0x1E, 0x01, 0xE0, 0xFE, 0x7F, 0xEF, 0xFE, 0xF1, 0xEE, 0x1E, 0xF3, 0xEF, 0xFE,
  0x7E, 0xF0, 0x3C, 0xC3, 0xFC, 0x77, 0x80, 0x00, 0x00, 0x03, 0xF8, 0x7F, 0xC7, 0x1E, 0xF1, 0xE0,
  0x1E, 0x0F, 0xE7, 0xFE, 0xFF, 0xEF, 0x1E, 0xE1, 0xEF, 0x3E, 0xFF, 0xE7, 0xEF, 0x39, 0xC3, 0x9C,
  0x39, 0xC0, 0x00, 0x00, 0x03, 0xF8, 0x7F, 0xC7, 0x1E, 0xF1, 0xE0, 0x1E, 0x0F, 0xE7, 0xFE, 0xFF,
  0xEF, 0x1E, 0xE1, 0xEF, 0x3E, 0xFF, 0xE7, 0xEF, 0x0E, 0x01, 0xB0, 0x1B, 0x00, 0xE0, 0x00, 0x00,
  0x00, 0x3F, 0x87, 0xFC, 0x71, 0xEF, 0x1E, 0x01, 0xE0, 0xFE, 0x7F, 0xEF, 0xFE, 0xF1, 0xEE, 0x1E,
  0xF3, 0xEF, 0xFE, 0x7E, 0xF0, 0x1F, 0xFF, 0x0F, 0xFF, 0xF9, 0xE7, 0xFF, 0x78, 0xF8, 0xF0, 0x1E,
  0x0E, 0x1F, 0xFF, 0xDF, 0xFF, 0xFF, 0xFF, 0x00, 0xF1, 0xF0, 0x1E, 0x3F, 0x3F, 0xCF, 0xFF, 0xFF,
  0xFF, 0xE3, 0xE1, 0xF0, 0x1F, 0x83, 0xFC, 0x7F, 0xEF, 0x9F, 0xF0, 0xEF, 0x00, 0xF0, 0x0F, 0x00,
  0xF0, 0xEF, 0x9F, 0x7F, 0xE3, 0xFE, 0x1F, 0x80, 0xF8, 0x03, 0x80, 0x38, 0x3F, 0x00, 0x3C, 0x01,
  0xC0, 0x0E, 0x00, 0x60, 0x00, 0x00, 0x00, 0x1F, 0x87, 0xFC, 0x7F, 0xEF, 0x1E, 0xF0, 0xEF, 0xFF,
  0xFF, 0xFE, 0x00, 0xF0, 0x0F, 0x9E, 0x7F, 0xE7, 0xFC, 0x1F, 0x80, 0x07, 0x80, 0x70, 0x0E, 0x00,
  0xE0, 0x00, 0x00, 0x00, 0x1F, 0x87, 0xFC, 0x7F, 0xEF, 0x1E, 0xF0, 0xEF, 0xFF, 0xFF, 0xFE, 0x00,
  0xF0, 0x0F, 0x9E, 0x7F, 0xE7, 0xFC, 0x1F, 0x80, 0x0F, 0x01, 0xF0, 0x3F, 0x83, 0xB8, 0x00, 0x00,
  0x00, 0x1F, 0x87, 0xFC, 0x7F, 0xEF, 0x1E, 0xF0, 0xEF, 0xFF, 0xFF, 0xFE, 0x00, 0xF0, 0x0F, 0x9E,
  0x7F, 0xE7, 0xFC, 0x1F, 0x80, 0x7B, 0xC7, 0xBC, 0x7B, 0xC0, 0x00, 0x00, 0x01, 0xF8, 0x7F, 0xC7,
  0xFE, 0xF1, 0xEF, 0x0E, 0xFF, 0xFF, 0xFF, 0xE0, 0x0F, 0x00, 0xF9, 0xE7, 0xFE, 0x7F, 0xC1, 0xF8,
  0xF3, 0x9E, 0x70, 0x01, 0xEF, 0x7B, 0xDE, 0xF7, 0xBD, 0xEF, 0x7B, 0xDE, 0x3D, 0xE7, 0x38, 0x00,
  0x0F, 0x3C, 0xF3, 0xCF, 0x3C, 0xF3, 0xCF, 0x3C, 0xF3, 0xCF, 0x00, 0x3C, 0x3E, 0x7F, 0xF7, 0x00,
  0x00, 0x3C, 0x3C, 0x3C, 0x3C, 0x3C, 0x3C, 0x3C, 0x3C, 0x3C, 0x3C, 0x3C, 0x3C, 0x3C, 0xF7, 0xFB,
  0xFD, 0xE0, 0x00, 0x01, 0xE0, 0xF0, 0x78, 0x3C, 0x1E, 0x0F, 0x07, 0x83, 0xC1, 0xE0, 0xF0, 0x78,
  0x3C, 0x1E, 0x00, 0x1E, 0xC0, 0x3C, 0x07, 0xF0, 0x23, 0x81, 0xFE, 0x1F, 0xF9, 0xFF, 0xDF, 0x3E,
  0xF0, 0x7F, 0x83, 0xFC, 0x1F, 0xE0, 0xFF, 0x07, 0xFC, 0xF9, 0xFF, 0xC7, 0xFC, 0x1F, 0x80, 0x1E,
  0xE3, 0xFC, 0x33, 0xC0, 0x00, 0x00, 0x0F, 0x7C, 0xFF, 0xEF, 0xFF, 0xFC, 0xFF, 0x8F, 0xF0, 0xFF,
  0x0F, 0xF0, 0x7F, 0x07, 0xF0, 0x7F, 0x07, 0xF0, 0x7F, 0x07, 0x1E, 0x00, 0x70, 0x03, 0xC0, 0x0E,
  0x00, 0x00, 0x00, 0x00, 0x7E, 0x07, 0xFC, 0x7F, 0xF7, 0xCF, 0xBC, 0x1F, 0xE0, 0xFF, 0x07, 0xF8,
  0x3F, 0xC1, 0xFF, 0x3E, 0x7F, 0xF1, 0xFF, 0x07, 0xE0, 0x03, 0xC0, 0x3C, 0x01, 0xC0, 0x0C, 0x00,
  0x00, 0x00, 0x00, 0x7E, 0x07, 0xFC, 0x7F, 0xF7, 0xCF, 0xBC, 0x1F, 0xE0, 0xFF, 0x07, 0xF8, 0x3F,
  0xC1, 0xFF, 0x3E, 0x7F, 0xF1, 0xFF, 0x07, 0xE0, 0x0F, 0x00, 0x7C, 0x07, 0xF0, 0x7B, 0x80, 0x00,
  0x00, 0x00, 0x7E, 0x07, 0xFC, 0x7F, 0xF7, 0xCF, 0xBC, 0x1F, 0xE0, 0xFF, 0x07, 0xF8, 0x3F, 0xC1,
  0xFF, 0x3E, 0x7F, 0xF1, 0xFF, 0x07, 0xE0, 0x1E, 0xE1, 0xFE, 0x0C, 0xF0, 0x00, 0x00, 0x00, 0x0F,
  0xC0, 0xFF, 0x8F, 0xFE, 0xF9, 0xF7, 0x83, 0xFC, 0x1F, 0xE0, 0xFF, 0x07, 0xF8, 0x3F, 0xE7, 0xCF,
  0xFE, 0x3F, 0xE0, 0xFC, 0x00, 0x39, 0xC1, 0xCE, 0x0E, 0x70, 0x00, 0x00, 0x00, 0x0F, 0xC0, 0xFF,
  0x8F, 0xFE, 0xF9, 0xF7, 0x83, 0xFC, 0x1F, 0xE0, 0xFF, 0x07, 0xF8, 0x3F, 0xE7, 0xCF, 0xFE, 0x3F,
  0xE0, 0xFC, 0x00, 0x07, 0x00, 0x38, 0x01, 0xC0, 0x00, 0x0F, 0xFF, 0xFF, 0xFF, 0xFF, 0xE0, 0x00,
  0x07, 0x00, 0x38, 0x01, 0xC0, 0x1F, 0xB9, 0xFF, 0x9F, 0xFD, 0xF1, 0xEF, 0x1F, 0xF9, 0xFF, 0xDD,
  0xFF, 0xCF, 0xFC, 0x7F, 0xC7, 0x9F, 0xFC, 0xFF, 0xCF, 0xFC, 0x20, 0x00, 0x1E, 0x00, 0xE0, 0x0F,
  0x00, 0x70, 0x00, 0x00, 0x00, 0xF0, 0xFF, 0x0F, 0xF0, 0xFF, 0x0F, 0xF0, 0xFF, 0x0F, 0xF0, 0xFF,
  0x0F, 0xF0, 0xF7, 0x9F, 0x7F, 0xF7, 0xFF, 0x3F, 0x70, 0x03, 0xC0, 0x78, 0x07, 0x00, 0x60, 0x00,
  0x00, 0x00, 0xF0, 0xFF, 0x0F, 0xF0, 0xFF, 0x0F, 0xF0, 0xFF, 0x0F, 0xF0, 0xFF, 0x0F, 0xF0, 0xF7,
  0x9F, 0x7F, 0xF7, 0xFF, 0x3F, 0x70, 0x0F, 0x00, 0xF8, 0x1F, 0xC3, 0xDC, 0x00, 0x00, 0x00, 0xF0,
  0xFF, 0x0F, 0xF0, 0xFF, 0x0F, 0xF0, 0xFF, 0x0F, 0xF0, 0xFF, 0x0F, 0xF0, 0xF7, 0x9F, 0x7F, 0xF7,
  0xFF, 0x3F, 0x70, 0x39, 0xC3, 0x9C, 0x39, 0xC0, 0x00, 0x00, 0x0F, 0x0F, 0xF0, 0xFF, 0x0F, 0xF0,
  0xFF, 0x0F, 0xF0, 0xFF, 0x0F, 0xF0, 0xFF, 0x0F, 0x79, 0xF7, 0xFF, 0x7F, 0xF3, 0xF7, 0x03, 0xC0,
  0x1C, 0x01, 0xC0, 0x0E, 0x00, 0x00, 0x00, 0x03, 0xC1, 0xFE, 0x0F, 0x78, 0x73, 0xC7, 0x8E, 0x3C,
  0x79, 0xC3, 0xDE, 0x0E, 0xF0, 0x7F, 0x03, 0xF8, 0x0F, 0xC0, 0x7C, 0x03, 0xE0, 0x1E, 0x00, 0xF0,
  0x3F, 0x81, 0xF8, 0x0F, 0x80, 0xF0, 0x07, 0x80, 0x3C, 0x01, 0xE0, 0x0F, 0x7C, 0x7F, 0xF3, 0xFF,
  0xDF, 0x9F, 0xF8, 0x7F, 0x83, 0xFC, 0x1F, 0xE0, 0xFF, 0x87, 0xFE, 0x7B, 0xFF, 0xDF, 0xFC, 0xF7,
  0xC7, 0x80, 0x3C, 0x01, 0xE0, 0x0F, 0x00, 0x78, 0x00, 0x3D, 0xE1, 0xEF, 0x0F, 0x78, 0x00, 0x00,
  0x00, 0x78, 0x3F, 0xC1, 0xEF, 0x0E, 0x78, 0xF1, 0xC7, 0x8F, 0x38, 0x7B, 0xC1, 0xDE, 0x0F, 0xE0,
  0x7F, 0x01, 0xF8, 0x0F, 0x80, 0x7C, 0x03, 0xC0, 0x1E, 0x07, 0xF0, 0x3F, 0x01, 0xF0, 0x00,
};

static const GFXglyph TramliLargeGlyphs[] PROGMEM = {
  {     0,   0,   0,   7,    0,    0 },  // 0x20 ' '
  {     0,   4,  17,   8,    2,  -17 },  // 0x21 '!'
  {     9,   9,   6,  11,    1,  -17 },  // 0x22 '"'
  {    16,  13,  17,  13,    0,  -17 },  // 0x23 '#'
  {    44,  11,  20,  13,    1,  -18 },  // 0x24 '$'
  {    72,  19,  18,  21,    1,  -17 },  // 0x25 '%'
  {   115,  16,  17,  17,    1,  -17 },  // 0x26 '&'
  {   149,   4,   6,   6,    1,  -17 },  // 0x27 '''
  {   152,   6,  22,   8,    1,  -17 },  // 0x28 '('
  {   169,   6,  22,   8,    1,  -17 },  // 0x29 ')'
  {   186,   9,   8,   9,    0,  -17 },  // 0x2A '*'
  {   195,  12,  11,  14,    1,  -13 },  // 0x2B '+'
  {   212,   4,   7,   7,    1,   -3 },  // 0x2C ','
  {   216,   7,   3,   8,    1,   -8 },  // 0x2D '-'
  {   219,   4,   3,   7,    1,   -3 },  // 0x2E '.'
  {   221,   7,  17,   7,    0,  -17 },  // 0x2F '/'
  {   236,  11,  17,  13,    1,  -17 },  // 0x30 '0'
  {   260,   8,  17,  13,    2,  -17 },  // 0x31 '1'
  {   277,  12,  17,  13,    0,  -17 },  // 0x32 '2'
  {   303,  12,  17,  13,    1,  -17 },  // 0x33 '3'
  {   329,  13,  17,  13,    0,  -17 },  // 0x34 '4'
  {   357,  12,  17,  13,    1,  -17 },  // 0x35 '5'
  {   383,  12,  17,  13,    1,  -17 },  // 0x36 '6'
  {   409,  12,  17,  13,    1,  -17 },  // 0x37 '7'
  {   435,  11,  17,  13,    1,  -17 },  // 0x38 '8'
  {   459,  11,  17,  13,    1,  -17 },  // 0x39 '9'
  {   483,   4,  13,   8,    2,  -13 },  // 0x3A ':'
  {   490,   4,  17,   8,    2,  -13 },  // 0x3B ';'
  {   499,  12,  13,  14,    1,  -15 },  // 0x3C '<'
  {   519,  12,   8,  14,    1,  -13 },  // 0x3D '='
  {   531,  12,  13,  14,    1,  -15 },  // 0x3E '>'
  {   551,  13,  17,  15,    1,  -17 },  // 0x3F '?'
  {   579,  23,  23,  23,    0,  -17 },  // 0x40 '@'
  {   646,  17,  17,  17,    0,  -17 },  // 0x41 'A'
  {   683,  14,  17,  17,    2,  -17 },  // 0x42 'B'
  {   713,  15,  17,  17,    1,  -17 },  // 0x43 'C'
  {   745,  15,  17,  17,    1,  -17 },  // 0x44 'D'
  {   777,  13,  17,  16,    2,  -17 },  // 0x45 'E'
  {   805,  12,  17,  15,    2,  -17 },  // 0x46 'F'
  {   831,  16,  17,  19,    1,  -17 },  // 0x47 'G'
  {   865,  14,  17,  17,    2,  -17 },  // 0x48 'H'
  {   895,   4,  17,   7,    1,  -17 },  // 0x49 'I'
  {   904,  12,  17,  13,    0,  -17 },  // 0x4A 'J'
  {   930,  15,  17,  17,    2,  -17 },  // 0x4B 'K'
  {   962,  12,  17,  15,    2,  -17 },  // 0x4C 'L'
  {   988,  18,  17,  20,    1,  -17 },  // 0x4D 'M'
  {  1027,  14,  17,  17,    2,  -17 },  // 0x4E 'N'
  {  1057,  17,  17,  19,    1,  -17 },  // 0x4F 'O'
  {  1094,  13,  17,  16,    2,  -17 },  // 0x50 'P'
  {  1122,  17,  18,  19,    1,  -17 },  // 0x51 'Q'
  {  1161,  15,  17,  17,    2,  -17 },  // 0x52 'R'
  {  1193,  14,  17,  16,    1,  -17 },  // 0x53 'S'
  {  1223,  14,  17,  15,    0,  -17 },  // 0x54 'T'
  {  1253,  15,  17,  17,    1,  -17 },  // 0x55 'U'
  {  1285,  16,  17,  16,    0,  -17 },  // 0x56 'V'
  {  1319,  23,  17,  23,    0,  -17 },  // 0x57 'W'
  {  1368,  16,  17,  16,    0,  -17 },  // 0x58 'X'
  {  1402,  16,  17,  16,    0,  -17 },  // 0x59 'Y'
  {  1436,  14,  17,  15,    0,  -17 },  // 0x5A 'Z'
  {  1466,   7,  22,   8,    1,  -17 },  // 0x5B '['
  {  1486,   7,  17,   7,    0,  -17 },  // 0x5C '\'
  {  1501,   7,  22,   8,    0,  -17 },  // 0x5D ']'
  {  1521,  12,   9,  14,    1,  -17 },  // 0x5E '^'
  {  1535,  14,   3,  13,    0,    2 },  // 0x5F '_'
  {  1541,   5,   4,   8,    1,  -17 },  // 0x60 '`'
  {  1544,  12,  13,  13,    1,  -13 },  // 0x61 'a'
  {  1564,  13,  17,  15,    1,  -17 },  // 0x62 'b'
  {  1592,  12,  13,  13,    1,  -13 },  // 0x63 'c'
  {  1612,  12,  17,  15,    1,  -17 },  // 0x64 'd'
  {  1638,  12,  13,  13,    1,  -13 },  // 0x65 'e'
  {  1658,   9,  17,   8,    0,  -17 },  // 0x66 'f'
  {  1678,  12,  18,  15,    1,  -13 },  // 0x67 'g'
  {  1705,  12,  17,  15,    1,  -17 },  // 0x68 'h'
  {  1731,   4,  17,   7,    1,  -17 },  // 0x69 'i'
  {  1740,   6,  22,   7,   -1,  -17 },  // 0x6A 'j'
  {  1757,  12,  17,  13,    1,  -17 },  // 0x6B 'k'
  {  1783,   4,  17,   7,    1,  -17 },  // 0x6C 'l'
  {  1792,  19,  13,  21,    1,  -13 },  // 0x6D 'm'
  {  1823,  12,  13,  15,    1,  -13 },  // 0x6E 'n'
  {  1843,  13,  13,  15,    1,  -13 },  // 0x6F 'o'
  {  1865,  13,  18,  15,    1,  -13 },  // 0x70 'p'
  {  1895,  12,  18,  15,    1,  -13 },  // 0x71 'q'
  {  1922,   9,  13,   9,    1,  -13 },  // 0x72 'r'
  {  1937,  12,  13,  13,    0,  -13 },  // 0x73 's'
  {  1957,   8,  17,   8,    0,  -17 },  // 0x74 't'
  {  1974,  12,  13,  15,    1,  -13 },  // 0x75 'u'
  {  1994,  13,  13,  13,    0,  -13 },  // 0x76 'v'
  {  2016,  19,  13,  19,    0,  -13 },  // 0x77 'w'
  {  2047,  13,  13,  13,    0,  -13 },  // 0x78 'x'
  {  2069,  13,  18,  13,    0,  -13 },  // 0x79 'y'
  {  2099,  12,  13,  12,    0,  -13 },  // 0x7A 'z'
  {  2119,   9,  22,   9,    0,  -17 },  // 0x7B '{'
  {  2144,   3,  23,   7,    2,  -17 },  // 0x7C '|'
  {  2153,   9,  22,   9,    0,  -17 },  // 0x7D '}'
  {  2178,  12,   5,  14,    1,  -11 },  // 0x7E '~'
  {  2186,  12,  16,  18,    3,  -16 },  // 0x7F
  {  2210,   0,   0,   4,    0,    0 },  // 0x80
  {  2210,   0,   0,   4,    0,    0 },  // 0x81
  {  2210,   0,   0,   4,    0,    0 },  // 0x82
  {  2210,   0,   0,   4,    0,    0 },  // 0x83
  {  2210,   0,   0,   4,    0,    0 },  // 0x84
  {  2210,   0,   0,   4,    0,    0 },  // 0x85
  {  2210,   0,   0,   4,    0,    0 },  // 0x86
  {  2210,   0,   0,   4,    0,    0 },  // 0x87
  {  2210,   0,   0,   4,    0,    0 },  // 0x88
  {  2210,   0,   0,   4,    0,    0 },  // 0x89
  {  2210,   0,   0,   4,    0,    0 },  // 0x8A
  {  2210,   0,   0,   4,    0,    0 },  // 0x8B
  {  2210,   0,   0,   4,    0,    0 },  // 0x8C
  {  2210,   0,   0,   4,    0,    0 },  // 0x8D
  {  2210,   0,   0,   4,    0,    0 },  // 0x8E
  {  2210,   0,   0,   4,    0,    0 },  // 0x8F
  {  2210,   0,   0,   4,    0,    0 },  // 0x90
  {  2210,   0,   0,   4,    0,    0 },  // 0x91
  {  2210,   0,   0,   4,    0,    0 },  // 0x92
  {  2210,   0,   0,   4,    0,    0 },  // 0x93
  {  2210,   0,   0,   4,    0,    0 },  // 0x94
  {  2210,   0,   0,   4,    0,    0 },  // 0x95
  {  2210,   0,   0,   4,    0,    0 },  // 0x96
  {  2210,   0,   0,   4,    0,    0 },  // 0x97
  {  2210,   0,   0,   4,    0,    0 },  // 0x98
  {  2210,   0,   0,   4,    0,    0 },  // 0x99
  {  2210,   0,   0,   4,    0,    0 },  // 0x9A
  {  2210,   0,   0,   4,    0,    0 },  // 0x9B
  {  2210,   0,   0,   4,    0,    0 },  // 0x9C
  {  2210,   0,   0,   4,    0,    0 },  // 0x9D
  {  2210,   0,   0,   4,    0,    0 },  // 0x9E
  {  2210,   0,   0,   4,    0,    0 },  // 0x9F
  {  2210,   0,   0,   7,    0,    0 },  // 0xA0
  {  2210,   4,  18,   8,    2,  -13 },  // 0xA1
  {  2219,  12,  22,  13,    1,  -17 },  // 0xA2
  {  2252,  13,  17,  13,    0,  -17 },  // 0xA3
  {  2280,  12,  12,  13,    1,  -14 },  // 0xA4
  {  2298,  13,  17,  13,    0,  -17 },  // 0xA5
  {  2326,   3,  23,   7,    2,  -17 },  // 0xA6
  {  2335,  13,  22,  13,    0,  -17 },  // 0xA7
  {  2371,   8,   3,   8,    0,  -17 },  // 0xA8
  {  2374,  18,  17,  18,    0,  -17 },  // 0xA9
  {  2413,   8,   9,   9,    0,  -17 },  // 0xAA
  {  2422,  11,  11,  13,    1,  -12 },  // 0xAB
  {  2438,  12,   8,  14,    1,  -13 },  // 0xAC
  {  2450,   7,   3,   8,    1,   -8 },  // 0xAD
  {  2453,  18,  17,  18,    0,  -17 },  // 0xAE
  {  2492,  14,   3,  13,    0,  -21 },  // 0xAF
  {  2498,   8,   8,  10,    1,  -17 },  // 0xB0
  {  2506,  13,  15,  13,    0,  -15 },  // 0xB1
  {  2531,   8,   9,   8,    0,  -17 },  // 0xB2
  {  2540,   8,   9,   8,    0,  -17 },  // 0xB3
  {  2549,   5,   4,   8,    2,  -17 },  // 0xB4
  {  2552,  12,  18,  14,    1,  -13 },  // 0xB5
  {  2579,  13,  22,  13,    0,  -17 },  // 0xB6
  {  2615,   4,   3,   8,    2,  -10 },  // 0xB7
  {  2617,   7,   4,   8,    0,    0 },  // 0xB8
  {  2621,   5,   9,   8,    1,  -17 },  // 0xB9
  {  2627,   9,   9,   9,    0,  -17 },  // 0xBA
  {  2638,  11,  11,  13,    1,  -12 },  // 0xBB
  {  2654,  19,  17,  20,    1,  -17 },  // 0xBC
  {  2695,  19,  17,  20,    1,  -17 },  // 0xBD
  {  2736,  20,  17,  20,    0,  -17 },  // 0xBE
  {  2779,  13,  18,  15,    1,  -13 },  // 0xBF
  {  2809,  17,  23,  17,    0,  -23 },  // 0xC0
  {  2858,  17,  23,  17,    0,  -23 },  // 0xC1
  {  2907,  17,  23,  17,    0,  -23 },  // 0xC2
  {  2956,  17,  22,  17,    0,  -22 },  // 0xC3
  {  3003,  17,  22,  17,    0,  -22 },  // 0xC4
  {  3050,  17,  20,  17,    0,  -20 },  // 0xC5
  {  3093,  24,  17,  24,   -1,  -17 },  // 0xC6
  {  3144,  15,  21,  17,    1,  -17 },  // 0xC7
  {  3184,  13,  23,  16,    2,  -23 },  // 0xC8
  {  3222,  13,  23,  16,    2,  -23 },  // 0xC9
  {  3260,  13,  23,  16,    2,  -23 },  // 0xCA
  {  3298,  13,  22,  16,    2,  -22 },  // 0xCB
  {  3334,   5,  23,   7,    0,  -23 },  // 0xCC
  {  3349,   5,  23,   7,    1,  -23 },  // 0xCD
  {  3364,   7,  23,   7,    0,  -23 },  // 0xCE
  {  3385,   9,  22,   7,   -1,  -22 },  // 0xCF
  {  3410,  16,  17,  17,    0,  -17 },  // 0xD0
  {  3444,  14,  22,  17,    2,  -22 },  // 0xD1
  {  3483,  17,  23,  19,    1,  -23 },  // 0xD2
  {  3532,  17,  23,  19,    1,  -23 },  // 0xD3
  {  3581,  17,  23,  19,    1,  -23 },  // 0xD4
  {  3630,  17,  22,  19,    1,  -22 },  // 0xD5
  {  3677,  17,  22,  19,    1,  -22 },  // 0xD6
  {  3724,  12,  12,  14,    1,  -15 },  // 0xD7
  {  3742,  17,  19,  19,    1,  -18 },  // 0xD8
  {  3783,  15,  23,  17,    1,  -23 },  // 0xD9
  {  3827,  15,  23,  17,    1,  -23 },  // 0xDA
  {  3871,  15,  23,  17,    1,  -23 },  // 0xDB
  {  3915,  15,  22,  17,    1,  -22 },  // 0xDC
  {  3957,  16,  23,  16,    0,  -23 },  // 0xDD
  {  4003,  13,  17,  16,    2,  -17 },  // 0xDE
  {  4031,  13,  17,  15,    1,  -17 },  // 0xDF
  {  4059,  12,  19,  13,    1,  -19 },  // 0xE0
  {  4088,  12,  19,  13,    1,  -19 },  // 0xE1
  {  4117,  12,  19,  13,    1,  -19 },  // 0xE2
  {  4146,  12,  18,  13,    1,  -18 },  // 0xE3
  {  4173,  12,  18,  13,    1,  -18 },  // 0xE4
  {  4200,  12,  19,  13,    1,  -19 },  // 0xE5
  {  4229,  19,  13,  21,    1,  -13 },  // 0xE6
  {  4260,  12,  17,  13,    1,  -13 },  // 0xE7
  {  4286,  12,  19,  13,    1,  -19 },  // 0xE8
  {  4315,  12,  19,  13,    1,  -19 },  // 0xE9
  {  4344,  12,  19,  13,    1,  -19 },  // 0xEA
  {  4373,  12,  18,  13,    1,  -18 },  // 0xEB
  {  4400,   5,  19,   7,    0,  -19 },  // 0xEC
  {  4412,   6,  19,   7,    1,  -19 },  // 0xED
  {  4427,   8,  19,   7,   -1,  -19 },  // 0xEE
  {  4446,   9,  18,   7,   -1,  -18 },  // 0xEF
  {  4467,  13,  17,  15,    1,  -17 },  // 0xF0
  {  4495,  12,  18,  15,    1,  -18 },  // 0xF1
  {  4522,  13,  19,  15,    1,  -19 },  // 0xF2
  {  4553,  13,  19,  15,    1,  -19 },  // 0xF3
  {  4584,  13,  19,  15,    1,  -19 },  // 0xF4
  {  4615,  13,  18,  15,    1,  -18 },  // 0xF5
  {  4645,  13,  18,  15,    1,  -18 },  // 0xF6
  {  4675,  13,  11,  13,    0,  -13 },  // 0xF7
  {  4693,  13,  14,  15,    1,  -13 },  // 0xF8
  {  4716,  12,  19,  15,    1,  -19 },  // 0xF9
  {  4745,  12,  19,  15,    1,  -19 },  // 0xFA
  {  4774,  12,  19,  15,    1,  -19 },  // 0xFB
  {  4803,  12,  18,  15,    1,  -18 },  // 0xFC
  {  4830,  13,  24,  13,    0,  -19 },  // 0xFD
  {  4869,  13,  22,  15,    1,  -17 },  // 0xFE
  {  4905,  13,  23,  13,    0,  -18 },  // 0xFF
};

static const GFXfont TramliLarge PROGMEM = {
  (uint8_t *)TramliLargeBitmaps,
  (GFXglyph *)TramliLargeGlyphs,
  0x20, 0xFF, 28
};
// TramliLarge: ascent=22, yAdvance=28, bitmaps=4943 bytes

static const uint8_t TramliXLargeBitmaps[] PROGMEM = {
  0xFF, 0xFF, 0xFF, 0xFF, 0xEF, 0x73, 0x9C, 0xE7, 0x38, 0x00, 0xFF, 0xFF, 0xF0, 0xFB, 0xFF, 0x7F,
  0xEF, 0xFC, 0xF7, 0x9E, 0xF3, 0xDC, 0x78, 0x07, 0x1E, 0x0E, 0x38, 0x3C, 0x70, 0x79, 0xE0, 0xF3,
  0xDF, 0xFF, 0xFF, 0xFF, 0xFF, 0xFF, 0x1E, 0x78, 0x3C, 0xF0, 0x71, 0xC0, 0xE3, 0x8F, 0xFF, 0xFF,
  0xFF, 0xFF, 0xFF, 0x9C, 0x70, 0x38, 0xE0, 0xF3, 0xC1, 0xE7, 0x83, 0x8F, 0x00, 0x07, 0x00, 0x7F,
  0x03, 0xFE, 0x1F, 0xFC, 0x7F, 0xFB, 0xDD, 0xEF, 0x70, 0x3F, 0xC0, 0x7F, 0x01, 0xFE, 0x03, 0xFE,
  0x07, 0xFC, 0x07, 0xF8, 0x1F, 0xE0, 0x77, 0xFD, 0xCF, 0xF7, 0x3B, 0xFD, 0xE7, 0xFF, 0x0F, 0xFC,
  0x1F, 0xC0, 0x1C, 0x00, 0x70, 0x00, 0x3E, 0x01, 0xC0, 0xFE, 0x07, 0x83, 0xDE, 0x0E, 0x07, 0x9C,
  0x3C, 0x0E, 0x38, 0x70, 0x1C, 0x71, 0xE0, 0x3C, 0xE3, 0x80, 0x7B, 0xCF, 0x00, 0x7F, 0x1C, 0x00,
  0x7C, 0x78, 0x00, 0x00, 0xE0, 0x00, 0x03, 0xC7, 0xC0, 0x07, 0x3F, 0xC0, 0x1E, 0x7B, 0x80, 0x38,
  0xE7, 0x80, 0xF1, 0xCF, 0x01, 0xC3, 0x9E, 0x07, 0x87, 0x3C, 0x0E, 0x0F, 0x70, 0x3C, 0x1F, 0xE0,
  0x70, 0x0F, 0x80, 0x07, 0xF0, 0x01, 0xFF, 0x00, 0x7F, 0xF0, 0x0F, 0x3E, 0x01, 0xE3, 0xC0, 0x3C,
  0x78, 0x07, 0xDF, 0x00, 0x7F, 0xC0, 0x0F, 0xF0, 0x03, 0xFC, 0x00, 0xFF, 0x88, 0x3E, 0xFB, 0xCF,
  0x8F, 0xF9, 0xF0, 0xFF, 0x3C, 0x0F, 0xC7, 0xC1, 0xF8, 0xFC, 0x7F, 0xCF, 0xFF, 0xFC, 0xFF, 0xEF,
  0x07, 0xF0, 0xC0, 0xFF, 0xFF, 0xFF, 0x79, 0xC0, 0x0E, 0x1C, 0x78, 0xE3, 0xC7, 0x9E, 0x3C, 0x78,
  0xF3, 0xE7, 0x8F, 0x1E, 0x3C, 0x7C, 0x78, 0xF1, 0xE3, 0xC3, 0x87, 0x87, 0x0F, 0x0E, 0x1C, 0xE1,
  0xE1, 0xC3, 0xC7, 0x87, 0x8F, 0x1E, 0x1E, 0x3C, 0x78, 0xF1, 0xE3, 0xC7, 0x8F, 0x1E, 0x7C, 0xF1,
  0xE3, 0xC7, 0x1E, 0x38, 0xF1, 0xC0, 0x0E, 0x03, 0x86, 0xEF, 0xFF, 0x3F, 0x87, 0xC3, 0xF9, 0xCE,
  0x31, 0x00, 0x07, 0x80, 0x1E, 0x00, 0x78, 0x01, 0xE0, 0x07, 0x83, 0xFF, 0xFF, 0xFF, 0xFF, 0xFF,
  0xFF, 0xFC, 0x1E, 0x00, 0x78, 0x01, 0xE0, 0x07, 0x80, 0x1E, 0x00, 0xFF, 0xFF, 0x77, 0xEE, 0xC0,
  0xFF, 0xFF, 0xFF, 0xFF, 0xFF, 0xFF, 0x07, 0x0F, 0x0E, 0x0E, 0x0E, 0x1E, 0x1C, 0x1C, 0x1C, 0x3C,
  0x38, 0x38, 0x38, 0x78, 0x70, 0x70, 0x70, 0xF0, 0xE0, 0xE0, 0x0F, 0xC1, 0xFF, 0x0F, 0xFC, 0xFF,
  0xE7, 0xCF, 0xFC, 0x7F, 0xE1, 0xFF, 0x0F, 0xF0, 0x7F, 0x83, 0xFC, 0x1F, 0xE0, 0xFF, 0x87, 0xFC,
  0x3F, 0xE3, 0xEF, 0x9F, 0x7F, 0xF1, 0xFF, 0x8F, 0xF8, 0x1F, 0x80, 0x07, 0x83, 0xC3, 0xE3, 0xF7,
  0xFF, 0xFF, 0xFF, 0xCF, 0xC7, 0x83, 0xC1, 0xE0, 0xF0, 0x78, 0x3C, 0x1E, 0x0F, 0x07, 0x83, 0xC1,
  0xE0, 0xF0, 0x0F, 0xC1, 0xFF, 0x9F, 0xFE, 0xFF, 0xFF, 0xCF, 0xFC, 0x3F, 0xC1, 0xE0, 0x0F, 0x00,
  0xF8, 0x07, 0x80, 0x78, 0x0F, 0x80, 0xF8, 0x0F, 0x80, 0xF8, 0x0F, 0x80, 0x7F, 0xFF, 0xFF, 0xFF,
  0xFF, 0xFF, 0xF0, 0x1F, 0xC0, 0xFF, 0x87, 0xFF, 0x1F, 0xFC, 0xF8, 0xFB, 0xC3, 0xE0, 0x0F, 0x00,
  0x7C, 0x07, 0xE0, 0x1F, 0x00, 0x7F, 0x00, 0x3E, 0x00, 0x7B, 0xC1, 0xFF, 0x07, 0xFF, 0x3E, 0x7F,
  0xF9, 0xFF, 0xC3, 0xFE, 0x03, 0xF0, 0x00, 0x78, 0x01, 0xF0, 0x07, 0xE0, 0x0F, 0xC0, 0x3F, 0x80,
  0xFF, 0x01, 0xFE, 0x07, 0xFC, 0x1E, 0xF8, 0x3D, 0xF0, 0xF3, 0xE3, 0xC7, 0xC7, 0x8F, 0x9F, 0xFF,
  0xFF, 0xFF, 0xFF, 0xFF, 0x00, 0xF8, 0x01, 0xF0, 0x03, 0xE0, 0x07, 0xC0, 0x3F, 0xF8, 0xFF, 0xE3,
  0xFF, 0x8F, 0xFE, 0x3C, 0x01, 0xF0, 0x07, 0x80, 0x1F, 0xF8, 0x7F, 0xF1, 0xFF, 0xE7, 0xFF, 0x9E,
  0x3F, 0x00, 0x7C, 0x01, 0xFF, 0x87, 0xFF, 0x3F, 0x7F, 0xF9, 0xFF, 0xE3, 0xFF, 0x03, 0xF0, 0x0F,
  0xC0, 0x7F, 0xC3, 0xFF, 0x1F, 0xFE, 0x7C, 0xFB, 0xE1, 0xEF, 0x80, 0x3F, 0xF8, 0xFF, 0xF3, 0xFF,
  0xEF, 0xFF, 0xBF, 0x3F, 0xF8, 0x7F, 0xE0, 0xFF, 0x87, 0xDF, 0x3F, 0x7F, 0xF8, 0xFF, 0xE1, 0xFF,
  0x03, 0xF0, 0xFF, 0xFF, 0xFF, 0xFF, 0xFF, 0xFF, 0xFE, 0x00, 0xF0, 0x03, 0xC0, 0x1E, 0x00, 0xF0,
  0x03, 0xC0, 0x1E, 0x00, 0x78, 0x03, 0xE0, 0x0F, 0x00, 0x3C, 0x01, 0xF0, 0x07, 0x80, 0x1E, 0x00,
  0x78, 0x01, 0xE0, 0x07, 0x80, 0x1F, 0xC0, 0xFF, 0x87, 0xFF, 0x1F, 0x3E, 0xF8, 0x7B, 0xE1, 0xE7,
  0x87, 0x9F, 0x3C, 0x3F, 0xF0, 0x7F, 0x87, 0xFF, 0x1F, 0x3E, 0xF8, 0x7B, 0xC1, 0xEF, 0x07, 0xFE,
  0x1E, 0xFC, 0xF9, 0xFF, 0xE3, 0xFF, 0x07, 0xF0, 0x1F, 0x80, 0xFF, 0x87, 0xFF, 0x3F, 0xFC, 0xF9,
  0xFB, 0xC3, 0xEF, 0x07, 0xBC, 0x1E, 0xF8, 0xFB, 0xFF, 0xF7, 0xFF, 0x8F, 0xFE, 0x1F, 0x78, 0x01,
  0xEF, 0x0F, 0xBE, 0x7E, 0x7F, 0xF1, 0xFF, 0xC3, 0xFE, 0x07, 0xE0, 0xFF, 0xFF, 0x00, 0x00, 0x00,
  0x0F, 0xFF, 0xF0, 0xFF, 0xFF, 0xF0, 0x00, 0x00, 0x00, 0x01, 0xFF, 0xFF, 0xE7, 0x33, 0xBC, 0x80,
  0x00, 0x0C, 0x00, 0xF0, 0x0F, 0xC1, 0xFF, 0x1F, 0xF9, 0xFF, 0x8F, 0xF0, 0x3F, 0x00, 0xFF, 0x01,
  0xFF, 0x81, 0xFF, 0x81, 0xFF, 0x00, 0xFC, 0x00, 0xF0, 0x00, 0xC0, 0xFF, 0xFF, 0xFF, 0xFF, 0xFF,
  0xFF, 0xFF, 0x00, 0x00, 0x00, 0x00, 0x00, 0x3F, 0xFF, 0xFF, 0xFF, 0xFF, 0xFF, 0xFF, 0xC0, 0xC0,
  0x03, 0xC0, 0x0F, 0xE0, 0x3F, 0xE0, 0x7F, 0xE0, 0x3F, 0xF0, 0x3F, 0xC0, 0x1F, 0x03, 0xFC, 0x3F,
  0xF7, 0xFE, 0x3F, 0xE0, 0xFE, 0x03, 0xC0, 0x0C, 0x00, 0x00, 0x0F, 0xE0, 0x3F, 0xF0, 0xFF, 0xF3,
  0xE3, 0xF7, 0x81, 0xFE, 0x03, 0xC0, 0x07, 0x80, 0x1E, 0x00, 0xFC, 0x03, 0xF0, 0x0F, 0x80, 0x1E,
  0x00, 0x3C, 0x00, 0x78, 0x00, 0x00, 0x00, 0x00, 0x03, 0xC0, 0x07, 0x80, 0x0F, 0x00, 0x1E, 0x00,
  0x00, 0x7F, 0xE0, 0x00, 0x7F, 0xFE, 0x00, 0x7F, 0xFF, 0xC0, 0x3F, 0x83, 0xF8, 0x1F, 0x00, 0x1F,
  0x0F, 0x1F, 0x3D, 0xE3, 0x8F, 0xEF, 0x39, 0xE7, 0xFF, 0xCE, 0x73, 0xFF, 0xE1, 0xFC, 0xF8, 0xF8,
  0x7E, 0x7C, 0x1E, 0x1F, 0x9E, 0x07, 0x87, 0xE7, 0x81, 0xE3, 0xB9, 0xE0, 0xF0, 0xEE, 0x78, 0x3C,
  0x7B, 0x9F, 0x3F, 0x3C, 0xE7, 0xFF, 0xDF, 0x38, 0xFF, 0xFF, 0x8E, 0x3F, 0xFF, 0xC1, 0xC3, 0xC7,
  0xC0, 0x78, 0x00, 0x01, 0xCF, 0x00, 0x00, 0xF3, 0xE0, 0x00, 0xF8, 0x7F, 0x81, 0xFC, 0x0F, 0xFF,
  0xFE, 0x00, 0xFF, 0xFE, 0x00, 0x07, 0xFE, 0x00, 0x01, 0xF8, 0x00, 0x1F, 0x80, 0x01, 0xF8, 0x00,
  0x3F, 0xC0, 0x03, 0xFC, 0x00, 0x7F, 0xE0, 0x07, 0x9E, 0x00, 0x79, 0xE0, 0x0F, 0x9F, 0x00, 0xF0,
  0xF0, 0x1F, 0x0F, 0x81, 0xF0, 0xF8, 0x1F, 0xFF, 0x83, 0xFF, 0xFC, 0x3F, 0xFF, 0xC3, 0xC0, 0x3E,
  0x7C, 0x03, 0xE7, 0x80, 0x1E, 0xF8, 0x01, 0xFF, 0x80, 0x1F, 0xFF, 0xF8, 0x7F, 0xFE, 0x3F, 0xFF,
  0x9F, 0xFF, 0xEF, 0x01, 0xF7, 0x80, 0x7B, 0xC0, 0x3D, 0xE0, 0x7E, 0xFF, 0xFE, 0x7F, 0xFE, 0x3F,
  0xFF, 0x9F, 0xFF, 0xEF, 0x01, 0xFF, 0x80, 0x7F, 0xC0, 0x3F, 0xE0, 0x3F, 0xFF, 0xFF, 0xFF, 0xFF,
  0xBF, 0xFF, 0x9F, 0xFF, 0x80, 0x03, 0xF8, 0x03, 0xFF, 0x81, 0xFF, 0xF0, 0xFF, 0xFE, 0x7F, 0x1F,
  0x9F, 0x01, 0xF7, 0x80, 0x7B, 0xE0, 0x00, 0xF8, 0x00, 0x3E, 0x00, 0x0F, 0x80, 0x03, 0xE0, 0x00,
  0xF8, 0x07, 0x9E, 0x01, 0xF7, 0xC0, 0xFD, 0xFC, 0x7E, 0x3F, 0xFF, 0x87, 0xFF, 0xC0, 0xFF, 0xE0,
  0x0F, 0xE0, 0xFF, 0xF0, 0x7F, 0xFE, 0x3F, 0xFF, 0x9F, 0xFF, 0xCF, 0x07, 0xF7, 0x80, 0xFB, 0xC0,
  0x3F, 0xE0, 0x1F, 0xF0, 0x0F, 0xF8, 0x07, 0xFC, 0x03, 0xFE, 0x01, 0xFF, 0x00, 0xFF, 0x80, 0x7F,
  0xC0, 0x7D, 0xE0, 0x7E, 0xFF, 0xFE, 0x7F, 0xFF, 0x3F, 0xFF, 0x1F, 0xFE, 0x00, 0xFF, 0xFE, 0xFF,
  0xFE, 0xFF, 0xFE, 0xFF, 0xFE, 0xF0, 0x00, 0xF0, 0x00, 0xF0, 0x00, 0xF0, 0x00, 0xFF, 0xFC, 0xFF,
  0xFC, 0xFF, 0xFC, 0xFF, 0xFC, 0xF0, 0x00, 0xF0, 0x00, 0xF0, 0x00, 0xF0, 0x00, 0xFF, 0xFF, 0xFF,
  0xFF, 0xFF, 0xFF, 0xFF, 0xFF, 0xFF, 0xFF, 0xFF, 0xFF, 0xFF, 0xFF, 0xFF, 0xF0, 0x03, 0xC0, 0x0F,
  0x00, 0x3C, 0x00, 0xFF, 0xFB, 0xFF, 0xEF, 0xFF, 0xBF, 0xFE, 0xF0, 0x03, 0xC0, 0x0F, 0x00, 0x3C,
  0x00, 0xF0, 0x03, 0xC0, 0x0F, 0x00, 0x3C, 0x00, 0x03, 0xFE, 0x01, 0xFF, 0xE0, 0x7F, 0xFE, 0x1F,
  0xFF, 0xE7, 0xF0, 0xFE, 0xF8, 0x07, 0xDF, 0x00, 0xF7, 0xC0, 0x00, 0xF8, 0x00, 0x1F, 0x07, 0xFF,
  0xE0, 0xFF, 0xFC, 0x1F, 0xFF, 0x83, 0xFE, 0xF8, 0x03, 0xDF, 0x00, 0x79, 0xF8, 0x7F, 0x3F, 0xFF,
  0xE3, 0xFF, 0xF8, 0x3F, 0xFE, 0x01, 0xFF, 0x00, 0xF0, 0x0F, 0xF0, 0x0F, 0xF0, 0x0F, 0xF0, 0x0F,
  0xF0, 0x0F, 0xF0, 0x0F, 0xF0, 0x0F, 0xF0, 0x0F, 0xFF, 0xFF, 0xFF, 0xFF, 0xFF, 0xFF, 0xFF, 0xFF,
  0xF0, 0x0F, 0xF0, 0x0F, 0xF0, 0x0F, 0xF0, 0x0F, 0xF0, 0x0F, 0xF0, 0x0F, 0xF0, 0x0F, 0xF0, 0x0F,
  0xFF, 0xFF, 0xFF, 0xFF, 0xFF, 0xFF, 0xFF, 0xFF, 0xFF, 0xFF, 0x00, 0x7C, 0x01, 0xF0, 0x07, 0xC0,
  0x1F, 0x00, 0x7C, 0x01, 0xF0, 0x07, 0xC0, 0x1F, 0x00, 0x7C, 0x01, 0xF0, 0x07, 0xC0, 0x1F, 0xF8,
  0x7F, 0xE1, 0xFF, 0x87, 0x9F, 0x3E, 0x7F, 0xF8, 0xFF, 0xC3, 0xFF, 0x03, 0xF0, 0xF0, 0x0F, 0xFC,
  0x07, 0xEF, 0x03, 0xF3, 0xC1, 0xF8, 0xF0, 0xFC, 0x3C, 0x7E, 0x0F, 0x3F, 0x03, 0xFF, 0x80, 0xFF,
  0xE0, 0x3F, 0xFC, 0x0F, 0xFF, 0x03, 0xFB, 0xE0, 0xFC, 0xFC, 0x3E, 0x1F, 0x0F, 0x07, 0xE3, 0xC0,
  0xFC, 0xF0, 0x1F, 0x3C, 0x07, 0xEF, 0x00, 0xFB, 0xC0, 0x3F, 0xF0, 0x03, 0xC0, 0x0F, 0x00, 0x3C,
  0x00, 0xF0, 0x03, 0xC0, 0x0F, 0x00, 0x3C, 0x00, 0xF0, 0x03, 0xC0, 0x0F, 0x00, 0x3C, 0x00, 0xF0,
  0x03, 0xC0, 0x0F, 0x00, 0x3C, 0x00, 0xFF, 0xFF, 0xFF, 0xFF, 0xFF, 0xFF, 0xFF, 0xFC, 0x07, 0xFF,
  0xE0, 0x7F, 0xFE, 0x0F, 0xFF, 0xE0, 0xFF, 0xFE, 0x0F, 0xFF, 0xF0, 0xFF, 0xFF, 0x1F, 0xFF, 0xF1,
  0xFF, 0xF7, 0x9F, 0xFF, 0x79, 0xFF, 0xF7, 0xBD, 0xFF, 0x7B, 0xDF, 0xF3, 0xFD, 0xFF, 0x3F, 0x9F,
  0xF3, 0xF9, 0xFF, 0x3F, 0x9F, 0xF1, 0xF9, 0xFF, 0x1F, 0x1F, 0xF1, 0xF1, 0xFF, 0x1F, 0x1F, 0xF8,
  0x0F, 0xF8, 0x0F, 0xFC, 0x0F, 0xFC, 0x0F, 0xFE, 0x0F, 0xFF, 0x0F, 0xFF, 0x0F, 0xFF, 0x8F, 0xF7,
  0xCF, 0xF7, 0xCF, 0xF3, 0xEF, 0xF3, 0xEF, 0xF1, 0xFF, 0xF0, 0xFF, 0xF0, 0xFF, 0xF0, 0x7F, 0xF0,
  0x7F, 0xF0, 0x3F, 0xF0, 0x1F, 0xF0, 0x1F, 0x03, 0xFC, 0x00, 0xFF, 0xF0, 0x1F, 0xFF, 0x83, 0xFF,
  0xFC, 0x7F, 0x0F, 0xE7, 0xC0, 0x3E, 0xF8, 0x03, 0xEF, 0x80, 0x1F, 0xF8, 0x01, 0xFF, 0x80, 0x1F,
  0xF8, 0x01, 0xFF, 0x80, 0x1F, 0xF8, 0x01, 0xFF, 0x80, 0x3E, 0x7C, 0x03, 0xE7, 0xF0, 0xFE, 0x3F,
  0xFF, 0xC1, 0xFF, 0xF8, 0x0F, 0xFF, 0x00, 0x3F, 0xC0, 0xFF, 0xF0, 0xFF, 0xFC, 0xFF, 0xFE, 0xFF,
  0xFE, 0xF0, 0x3E, 0xF0, 0x1F, 0xF0, 0x1F, 0xF0, 0x3E, 0xFF, 0xFE, 0xFF, 0xFE, 0xFF, 0xFC, 0xFF,
  0xF0, 0xF0, 0x00, 0xF0, 0x00, 0xF0, 0x00, 0xF0, 0x00, 0xF0, 0x00, 0xF0, 0x00, 0xF0, 0x00, 0xF0,
  0x00, 0x03, 0xFC, 0x00, 0xFF, 0xF0, 0x1F, 0xFF, 0x83, 0xFF, 0xFC, 0x7F, 0x0F, 0xE7, 0xC0, 0x3E,
  0xF8, 0x03, 0xEF, 0x80, 0x1F, 0xF8, 0x01, 0xFF, 0x80, 0x1F, 0xF8, 0x01, 0xFF, 0x80, 0x1F, 0xF8,
  0x01, 0xFF, 0x83, 0x3E, 0x7C, 0x7F, 0xE7, 0xF3, 0xFE, 0x3F, 0xFF, 0xC1, 0xFF, 0xFC, 0x0F, 0xFF,
  0xF0, 0x3F, 0xFF, 0x00, 0x00, 0xF0, 0x00, 0x06, 0xFF, 0xFC, 0x3F, 0xFF, 0x8F, 0xFF, 0xF3, 0xFF,
  0xFC, 0xF0, 0x1F, 0xBC, 0x03, 0xEF, 0x00, 0xFB, 0xC0, 0x7C, 0xFF, 0xFF, 0x3F, 0xFF, 0x8F, 0xFF,
  0xC3, 0xFF, 0xC0, 0xF1, 0xF8, 0x3C, 0x3F, 0x0F, 0x07, 0xE3, 0xC0, 0xF8, 0xF0, 0x1F, 0x3C, 0x07,
  0xEF, 0x00, 0xFB, 0xC0, 0x1F, 0x0F, 0xF0, 0x3F, 0xFC, 0x7F, 0xFE, 0x7F, 0xFE, 0x7C, 0x3F, 0x78,
  0x1F, 0x7C, 0x00, 0x7F, 0xC0, 0x3F, 0xF8, 0x1F, 0xFC, 0x0F, 0xFE, 0x01, 0xFF, 0x00, 0x1F, 0xF0,
  0x0F, 0xF8, 0x0F, 0xFE, 0x3F, 0x7F, 0xFF, 0x3F, 0xFE, 0x3F, 0xFC, 0x0F, 0xF8, 0xFF, 0xFF, 0xFF,
  0xFF, 0xFF, 0xFF, 0xFF, 0xFF, 0xF0, 0x3E, 0x00, 0x1F, 0x00, 0x0F, 0x80, 0x07, 0xC0, 0x03, 0xE0,
  0x01, 0xF0, 0x00, 0xF8, 0x00, 0x7C, 0x00, 0x3E, 0x00, 0x1F, 0x00, 0x0F, 0x80, 0x07, 0xC0, 0x03,
  0xE0, 0x01, 0xF0, 0x00, 0xF8, 0x00, 0x7C, 0x00, 0xF0, 0x0F, 0xF0, 0x0F, 0xF0, 0x0F, 0xF0, 0x0F,
  0xF0, 0x0F, 0xF0, 0x0F, 0xF0, 0x0F, 0xF0, 0x0F, 0xF0, 0x0F, 0xF0, 0x0F, 0xF0, 0x0F, 0xF0, 0x0F,
  0xF0, 0x0F, 0xF8, 0x0F, 0xF8, 0x1F, 0xFC, 0x3F, 0x7F, 0xFE, 0x7F, 0xFE, 0x3F, 0xFC, 0x0F, 0xF0,
  0xF8, 0x03, 0xFF, 0x00, 0x79, 0xE0, 0x1F, 0x3E, 0x03, 0xE7, 0xC0, 0x78, 0x78, 0x1F, 0x0F, 0x83,
  0xE1, 0xF0, 0x78, 0x1E, 0x1F, 0x03, 0xE3, 0xC0, 0x7C, 0x78, 0x07, 0xDF, 0x00, 0xFB, 0xC0, 0x0F,
  0x78, 0x01, 0xFF, 0x00, 0x3F, 0xC0, 0x03, 0xF8, 0x00, 0x7F, 0x00, 0x0F, 0xC0, 0x00, 0xF8, 0x00,
  0xF8, 0x1F, 0x03, 0xFF, 0x07, 0xE0, 0x7B, 0xE0, 0xFE, 0x0F, 0x3C, 0x1F, 0xC3, 0xE7, 0x87, 0xF8,
  0x7C, 0xF8, 0xFF, 0x0F, 0x1F, 0x1F, 0xF1, 0xE1, 0xE3, 0xDE, 0x7C, 0x3C, 0xFB, 0xCF, 0x87, 0xDE,
  0x79, 0xE0, 0xFB, 0xCF, 0xBC, 0x0F, 0x78, 0xF7, 0x81, 0xFF, 0x1F, 0xF0, 0x3F, 0xC3, 0xFC, 0x07,
  0xF8, 0x3F, 0x80, 0x7F, 0x07, 0xF0, 0x0F, 0xC0, 0xFE, 0x01, 0xF8, 0x1F, 0x80, 0x3F, 0x01, 0xF0,
  0x03, 0xE0, 0x3E, 0x00, 0x7C, 0x07, 0xCF, 0xC1, 0xF0, 0xF8, 0x7E, 0x0F, 0x8F, 0x81, 0xFB, 0xE0,
  0x1F, 0xFC, 0x01, 0xFF, 0x00, 0x3F, 0xC0, 0x03, 0xF8, 0x00, 0x3E, 0x00, 0x0F, 0xE0, 0x03, 0xFC,
  0x00, 0x7F, 0xC0, 0x1F, 0xFC, 0x07, 0xEF, 0x80, 0xF8, 0xF8, 0x3E, 0x1F, 0x8F, 0xC1, 0xF1, 0xF0,
  0x1F, 0x7C, 0x03, 0xF0, 0xF8, 0x03, 0xEF, 0x80, 0xF9, 0xF0, 0x3E, 0x1F, 0x07, 0xC1, 0xF1, 0xF0,
  0x3E, 0x3C, 0x03, 0xEF, 0x80, 0x7F, 0xE0, 0x07, 0xFC, 0x00, 0x7F, 0x00, 0x0F, 0xC0, 0x00, 0xF8,
  0x00, 0x1F, 0x00, 0x03, 0xE0, 0x00, 0x7C, 0x00, 0x0F, 0x80, 0x01, 0xF0, 0x00, 0x3E, 0x00, 0x07,
  0xC0, 0x00, 0xF8, 0x00, 0x7F, 0xFF, 0x3F, 0xFF, 0x9F, 0xFF, 0xCF, 0xFF, 0xE0, 0x03, 0xE0, 0x03,
  0xE0, 0x03, 0xE0, 0x03, 0xF0, 0x01, 0xF0, 0x01, 0xF0, 0x01, 0xF0, 0x01, 0xF0, 0x01, 0xF0, 0x01,
  0xF8, 0x01, 0xF8, 0x01, 0xF8, 0x00, 0xFF, 0xFF, 0xFF, 0xFF, 0xFF, 0xFF, 0xFF, 0xFF, 0xF0, 0xFF,
  0xFF, 0xFF, 0xFF, 0x1E, 0x3C, 0x78, 0xF1, 0xE3, 0xC7, 0x8F, 0x1E, 0x3C, 0x78, 0xF1, 0xE3, 0xC7,
  0x8F, 0x1E, 0x3F, 0xFF, 0xFF, 0xFC, 0xE0, 0xE0, 0xF0, 0x70, 0x70, 0x70, 0x78, 0x38, 0x38, 0x38,
  0x3C, 0x1C, 0x1C, 0x1C, 0x1E, 0x0E, 0x0E, 0x0E, 0x0F, 0x07, 0xFF, 0xFF, 0xFF, 0xFF, 0x1F, 0x1F,
  0x1F, 0x1F, 0x1F, 0x1F, 0x1F, 0x1F, 0x1F, 0x1F, 0x1F, 0x1F, 0x1F, 0x1F, 0x1F, 0x1F, 0x1F, 0x1F,
  0xFF, 0xFF, 0xFF, 0xFF, 0x0F, 0x00, 0x7C, 0x07, 0xE0, 0x3F, 0x83, 0xFC, 0x1F, 0xF1, 0xF7, 0x8F,
  0x3C, 0xF8, 0xF7, 0x87, 0xBC, 0x3E, 0xFF, 0xFF, 0xFF, 0xFF, 0xFF, 0xFF, 0xE0, 0xF1, 0xE3, 0x87,
  0x1F, 0xE0, 0xFF, 0xC7, 0xFF, 0xBE, 0x3E, 0x70, 0x78, 0x07, 0xE1, 0xFF, 0x9F, 0xFE, 0xF8, 0x7B,
  0xC1, 0xEF, 0x0F, 0xBE, 0x7E, 0xFF, 0xF9, 0xFF, 0xE3, 0xF7, 0xC0, 0xF0, 0x03, 0xC0, 0x0F, 0x00,
  0x3C, 0x00, 0xF0, 0x03, 0xDF, 0x8F, 0xFF, 0x3F, 0xFE, 0xFC, 0xFF, 0xE1, 0xFF, 0x03, 0xFC, 0x0F,
  0xF0, 0x3F, 0xC0, 0xFF, 0x03, 0xFE, 0x1F, 0xFC, 0xFB, 0xFF, 0xEF, 0xFF, 0x3D, 0xF8, 0x0F, 0xE0,
  0xFF, 0xC7, 0xFF, 0x9F, 0x3F, 0xF8, 0x7B, 0xE0, 0x0F, 0x00, 0x3C, 0x00, 0xF0, 0x03, 0xE0, 0x0F,
  0x83, 0x9F, 0x1F, 0x7F, 0xF8, 0xFF, 0xE0, 0xFE, 0x00, 0x00, 0x3E, 0x00, 0x7C, 0x00, 0xF8, 0x01,
  0xF0, 0x03, 0xE3, 0xF7, 0xCF, 0xFF, 0xBF, 0xFF, 0x7C, 0xFF, 0xF0, 0x7F, 0xE0, 0xFF, 0x81, 0xFF,
  0x03, 0xFE, 0x07, 0xFE, 0x0F, 0xFC, 0x1F, 0x7C, 0xFE, 0xFF, 0xFC, 0xFF, 0xF8, 0xFC, 0xF0, 0x1F,
  0xC0, 0xFF, 0x87, 0xFF, 0x1F, 0x3E, 0xF8, 0x7B, 0xC1, 0xEF, 0xFF, 0xFF, 0xFF, 0xFF, 0xFF, 0xC0,
  0x0F, 0x80, 0x3F, 0x3C, 0x7F, 0xF8, 0xFF, 0xC1, 0xFE, 0x00, 0x0F, 0xC7, 0xF3, 0xFC, 0xF8, 0x3E,
  0x3F, 0xEF, 0xFB, 0xFE, 0x3E, 0x0F, 0x83, 0xE0, 0xF8, 0x3E, 0x0F, 0x83, 0xE0, 0xF8, 0x3E, 0x0F,
  0x83, 0xE0, 0xF8, 0x1F, 0xBE, 0x7F, 0xFD, 0xFF, 0xFB, 0xE7, 0xFF, 0x83, 0xFF, 0x07, 0xFC, 0x0F,
  0xF8, 0x1F, 0xF0, 0x3F, 0xF0, 0x7F, 0xE0, 0xFB, 0xE7, 0xF7, 0xFF, 0xE7, 0xFF, 0xC7, 0xEF, 0x80,
  0x1E, 0xF0, 0x3C, 0xF8, 0xF9, 0xFF, 0xF1, 0xFF, 0xC1, 0xFE, 0x00, 0xF0, 0x07, 0x80, 0x3C, 0x01,
  0xE0, 0x0F, 0x00, 0x79, 0xF3, 0xFF, 0xDF, 0xFF, 0xFC, 0xFF, 0xC3, 0xFC, 0x1F, 0xE0, 0xFF, 0x07,
  0xF8, 0x3F, 0xC1, 0xFE, 0x0F, 0xF0, 0x7F, 0x83, 0xFC, 0x1F, 0xE0, 0xF0, 0xFF, 0xF0, 0x0F, 0xFF,
  0xFF, 0xFF, 0xFF, 0xFF, 0xFF, 0xFF, 0x1E, 0x3C, 0x78, 0x00, 0x03, 0xC7, 0x8F, 0x1E, 0x3C, 0x78,
  0xF1, 0xE3, 0xC7, 0x8F, 0x1E, 0x3C, 0x78, 0xF1, 0xE3, 0xCF, 0xFF, 0xFD, 0xF0, 0xF0, 0x07, 0x80,
  0x3C, 0x01, 0xE0, 0x0F, 0x00, 0x78, 0x7F, 0xC7, 0xDE, 0x7C, 0xF7, 0xC7, 0xFC, 0x3F, 0xC1, 0xFF,
  0x0F, 0xF8, 0x7F, 0xE3, 0xEF, 0x1E, 0x7C, 0xF1, 0xF7, 0x87, 0xBC, 0x3F, 0xE0, 0xF0, 0xFF, 0xFF,
  0xFF, 0xFF, 0xFF, 0xFF, 0xFF, 0xFF, 0xFF, 0xFF, 0xFB, 0xE1, 0xF3, 0xFF, 0xFF, 0xEF, 0xFF, 0xFF,
  0xFF, 0x3F, 0x9F, 0xF8, 0x7C, 0x3F, 0xE1, 0xF0, 0xFF, 0x87, 0xC3, 0xFE, 0x1F, 0x0F, 0xF8, 0x7C,
  0x3F, 0xE1, 0xF0, 0xFF, 0x87, 0xC3, 0xFE, 0x1F, 0x0F, 0xF8, 0x7C, 0x3F, 0xE1, 0xF0, 0xFF, 0x87,
  0xC3, 0xC0, 0xF7, 0xE7, 0xFF, 0xBF, 0xFF, 0xF9, 0xFF, 0x87, 0xF8, 0x3F, 0xC1, 0xFE, 0x0F, 0xF0,
  0x7F, 0x83, 0xFC, 0x1F, 0xE0, 0xFF, 0x07, 0xF8, 0x3F, 0xC1, 0xE0, 0x0F, 0xE0, 0x3F, 0xF0, 0xFF,
  0xF3, 0xE3, 0xEF, 0x83, 0xFF, 0x03, 0xFC, 0x07, 0xF8, 0x0F, 0xF0, 0x1F, 0xF0, 0x3F, 0xE0, 0xFB,
  0xE3, 0xE3, 0xFF, 0xC3, 0xFF, 0x03, 0xF8, 0x00, 0xF7, 0xE3, 0xFF, 0xCF, 0xFF, 0xBF, 0x3F, 0xF8,
  0x7F, 0xC0, 0xFF, 0x03, 0xFC, 0x0F, 0xF0, 0x3F, 0xC0, 0xFF, 0x87, 0xFF, 0x3E, 0xFF, 0xFB, 0xFF,
  0xCF, 0x7E, 0x3C, 0x00, 0xF0, 0x03, 0xC0, 0x0F, 0x00, 0x3C, 0x00, 0xF0, 0x00, 0x0F, 0x9E, 0x7F,
  0xFD, 0xFF, 0xFB, 0xE3, 0xFF, 0x83, 0xFF, 0x07, 0xFC, 0x0F, 0xF8, 0x1F, 0xF0, 0x3F, 0xF0, 0x7F,
  0xE0, 0xFB, 0xE7, 0xF7, 0xFF, 0xE7, 0xFF, 0xC7, 0xEF, 0x80, 0x1F, 0x00, 0x3E, 0x00, 0x7C, 0x00,
  0xF8, 0x01, 0xF0, 0x03, 0xE0, 0xFF, 0xFF, 0xFF, 0xFF, 0x2F, 0x07, 0x83, 0xC1, 0xE0, 0xF0, 0x78,
  0x3C, 0x1E, 0x0F, 0x07, 0x83, 0xC0, 0x1F, 0xE3, 0xFF, 0xBF, 0xFF, 0xF1, 0xEF, 0x00, 0x7F, 0x81,
  0xFF, 0x8F, 0xFE, 0x1F, 0xF8, 0x0F, 0xC0, 0x1E, 0xF1, 0xFF, 0xFF, 0xFF, 0xF8, 0xFF, 0x00, 0x04,
  0x0E, 0x0F, 0x07, 0x83, 0xC7, 0xFF, 0xFF, 0xFF, 0x3C, 0x1E, 0x0F, 0x07, 0x83, 0xC1, 0xE0, 0xF0,
  0x78, 0x3E, 0x1F, 0xCF, 0xE3, 0xF0, 0xF0, 0x7F, 0x83, 0xFC, 0x1F, 0xE0, 0xFF, 0x07, 0xF8, 0x3F,
  0xC1, 0xFE, 0x0F, 0xF0, 0x7F, 0x83, 0xFC, 0x1F, 0xF3, 0xFF, 0xFF, 0xBF, 0xFC, 0xFD, 0xE0, 0xF8,
  0x1F, 0xF0, 0x7D, 0xE0, 0xFB, 0xE1, 0xE3, 0xC7, 0xC7, 0x8F, 0x0F, 0x9E, 0x0F, 0x7C, 0x1E, 0xF0,
  0x1F, 0xE0, 0x3F, 0x80, 0x7F, 0x00, 0x7E, 0x00, 0xF8, 0x00, 0xF0, 0x00, 0xF0, 0x78, 0x3F, 0xE3,
  0xE1, 0xF7, 0x8F, 0xC7, 0x9E, 0x3F, 0x1E, 0x78, 0xFC, 0xF8, 0xF7, 0xF3, 0xC3, 0xDF, 0xEF, 0x0F,
  0x7F, 0xBC, 0x3F, 0xDF, 0xE0, 0x7F, 0x3F, 0x81, 0xFC, 0xFE, 0x07, 0xF3, 0xF0, 0x0F, 0x87, 0xC0,
  0x3E, 0x1F, 0x00, 0xF8, 0x7C, 0x00, 0xFC, 0x3E, 0xF8, 0xF8, 0xFB, 0xE0, 0xFF, 0xC1, 0xFF, 0x01,
  0xFC, 0x01, 0xF8, 0x03, 0xE0, 0x0F, 0xE0, 0x1F, 0xE0, 0x7F, 0xC1, 0xF7, 0xC3, 0xE7, 0xCF, 0x8F,
  0xFE, 0x0F, 0x80, 0xF8, 0x1F, 0xF0, 0x7D, 0xE0, 0xF3, 0xE1, 0xE3, 0xC7, 0xC7, 0x8F, 0x0F, 0x9E,
  0x0F, 0x7C, 0x1E, 0xF0, 0x3F, 0xE0, 0x3F, 0xC0, 0x7F, 0x00, 0x7E, 0x00, 0xFC, 0x01, 0xF0, 0x03,
  0xE0, 0x07, 0xC0, 0x1F, 0x01, 0xFE, 0x03, 0xF8, 0x07, 0xE0, 0x00, 0x7F, 0xF9, 0xFF, 0xE7, 0xFF,
  0x80, 0x7E, 0x03, 0xF0, 0x0F, 0x80, 0x7C, 0x03, 0xF0, 0x1F, 0x80, 0xFC, 0x07, 0xE0, 0x1F, 0x00,
  0xFF, 0xFF, 0xFF, 0xFF, 0xFF, 0xC0, 0x07, 0x87, 0xC7, 0xE3, 0xF1, 0xE0, 0xF0, 0x78, 0x3C, 0x1E,
  0x1E, 0x0F, 0x0F, 0x8F, 0x87, 0x83, 0xE0, 0xF8, 0x3C, 0x1E, 0x07, 0x83, 0xC1, 0xE0, 0xF0, 0x7E,
  0x3F, 0x1F, 0x83, 0xC0, 0xFF, 0xFF, 0xFF, 0xFF, 0xFF, 0xFF, 0xFF, 0xFF, 0xFF, 0xFF, 0xFF, 0xFF,
  0xFF, 0xF8, 0x3F, 0x0F, 0xE3, 0xF8, 0x1E, 0x07, 0x81, 0xE0, 0x78, 0x1E, 0x07, 0x81, 0xF0, 0x3E,
  0x0F, 0xC1, 0xF0, 0xFC, 0x3E, 0x1F, 0x07, 0x81, 0xE0, 0x78, 0x1E, 0x07, 0x8F, 0xE3, 0xF8, 0xFC,
  0x3E, 0x00, 0x7E, 0x03, 0xFF, 0x9F, 0xFF, 0xFF, 0xFF, 0xFC, 0x7F, 0xD0, 0x1F, 0x00, 0xFF, 0xFF,
  0x00, 0x06, 0x00, 0x0C, 0x00, 0x18, 0x00, 0x30, 0x00, 0x60, 0x00, 0xC0, 0x01, 0x80, 0x03, 0x00,
  0x06, 0x00, 0x0C, 0x00, 0x18, 0x00, 0x30, 0x00, 0x60, 0x00, 0xC0, 0x01, 0x80, 0x03, 0xFF, 0xFC,
  0x7B, 0xDE, 0xF0, 0x01, 0xCE, 0x73, 0x9E, 0xF7, 0xBD, 0xFF, 0xFF, 0xFF, 0xFF, 0x80, 0x00, 0x20,
  0x01, 0xC0, 0x06, 0x00, 0x18, 0x00, 0xE0, 0x3F, 0x83, 0xFF, 0x1F, 0xFE, 0x7D, 0xFF, 0xE7, 0xEF,
  0x98, 0x3C, 0xE0, 0xF3, 0x03, 0xCC, 0x0F, 0xF3, 0xBF, 0x9F, 0x7E, 0xFD, 0xFF, 0xE3, 0xFF, 0x07,
  0xF8, 0x0C, 0x00, 0x70, 0x01, 0x80, 0x06, 0x00, 0x38, 0x00, 0x60, 0x00, 0x07, 0xE0, 0x3F, 0xF0,
  0xFF, 0xF1, 0xF3, 0xE3, 0xC3, 0xC7, 0x87, 0x8F, 0x00, 0x1E, 0x00, 0xFF, 0xE1, 0xFF, 0xC3, 0xFF,
  0x80, 0xF0, 0x01, 0xE0, 0x07, 0xC0, 0x0F, 0x00, 0x3E, 0x00, 0xFF, 0xCD, 0xFF, 0xFD, 0xFF, 0xFB,
  0x0F, 0xF0, 0x60, 0x13, 0xFE, 0xEF, 0xFF, 0xFF, 0xFE, 0x7C, 0xF1, 0xE1, 0xEF, 0x07, 0x9C, 0x1E,
  0x78, 0x79, 0xF3, 0xCF, 0xFF, 0xBF, 0xFF, 0x7F, 0xB9, 0x80, 0x40, 0xF8, 0x1F, 0xF0, 0x7D, 0xF0,
  0xF3, 0xE3, 0xE3, 0xE7, 0xC7, 0xDF, 0x07, 0xBE, 0x0F, 0xF8, 0x0F, 0xF1, 0xFF, 0xFF, 0xFF, 0xFF,
  0xFF, 0xF0, 0x3C, 0x00, 0x78, 0x3F, 0xFF, 0xFF, 0xFF, 0xFF, 0xFE, 0x07, 0x80, 0x0F, 0x00, 0x1E,
  0x00, 0xFF, 0xFF, 0xFF, 0xFF, 0xFF, 0x00, 0x00, 0x0F, 0xFF, 0xFF, 0xFF, 0xFF, 0xFF, 0x1F, 0xC0,
  0xFF, 0x87, 0xFF, 0x1F, 0x3C, 0x78, 0xF9, 0xF0, 0x07, 0xE0, 0x0F, 0xE0, 0x7F, 0xC3, 0xFF, 0xCF,
  0x3F, 0xBC, 0x7E, 0xF0, 0x7F, 0xE0, 0xFF, 0xE3, 0xDF, 0xDE, 0x3F, 0xF8, 0x3F, 0xC0, 0x7F, 0x00,
  0x7E, 0x00, 0xFB, 0xE1, 0xE7, 0xCF, 0x9F, 0xFC, 0x3F, 0xF0, 0x7F, 0x00, 0xF3, 0xF9, 0xFC, 0xE0,
  0x03, 0xFC, 0x00, 0x7F, 0xF8, 0x07, 0xC3, 0xF0, 0x78, 0x03, 0xC7, 0x80, 0x0E, 0x38, 0x7C, 0x3B,
  0x8F, 0xF0, 0xDC, 0x73, 0xC7, 0xC7, 0x0E, 0x3E, 0x38, 0x01, 0xF1, 0xC0, 0x0F, 0x8E, 0x1C, 0x7E,
  0x39, 0xE3, 0xF1, 0xFE, 0x19, 0xC3, 0xE1, 0xCF, 0x00, 0x1C, 0x3C, 0x01, 0xE0, 0xF8, 0x7E, 0x03,
  0xFF, 0xC0, 0x07, 0xF8, 0x00, 0x3F, 0x1F, 0xE7, 0x38, 0x0F, 0x3F, 0xDF, 0xFF, 0x3F, 0xDF, 0x7F,
  0xCF, 0xF0, 0x0F, 0x78, 0xF3, 0x87, 0xBC, 0x7B, 0xC7, 0x9E, 0x3D, 0xE3, 0xCF, 0x0F, 0x78, 0x79,
  0xE1, 0xEF, 0x07, 0xBC, 0x3C, 0xE0, 0xF7, 0x80, 0xFF, 0xFF, 0xFF, 0xFF, 0xFF, 0xFF, 0xFF, 0x00,
  0x3C, 0x00, 0xF0, 0x03, 0xC0, 0x0F, 0x00, 0x3C, 0x00, 0xF0, 0xFF, 0xFF, 0xFF, 0xFF, 0x03, 0xFC,
  0x00, 0x7F, 0xF8, 0x07, 0xC3, 0xF0, 0x78, 0x03, 0xC7, 0x80, 0x0E, 0x3B, 0xFE, 0x3B, 0x9F, 0xF0,
  0xDC, 0xE1, 0xC7, 0xC7, 0x0E, 0x3E, 0x3F, 0xE1, 0xF1, 0xFE, 0x0F, 0x8E, 0x70, 0x7E, 0x71, 0xC3,
  0xF3, 0x8F, 0x19, 0xDC, 0x39, 0xCF, 0x00, 0x1C, 0x3C, 0x01, 0xE0, 0xF8, 0x7E, 0x03, 0xFF, 0xC0,
  0x07, 0xF8, 0x00, 0xFF, 0xFF, 0xFF, 0xFF, 0xFF, 0xFF, 0xE0, 0x3E, 0x3F, 0xBD, 0xFC, 0x7E, 0x3F,
  0xBD, 0xFC, 0x7C, 0x03, 0xC0, 0x07, 0x80, 0x0F, 0x00, 0x1E, 0x00, 0x3C, 0x1F, 0xFF, 0xFF, 0xFF,
  0xFF, 0xFF, 0xFF, 0xFE, 0x07, 0x80, 0x0F, 0x00, 0x1E, 0x00, 0x3C, 0x00, 0x78, 0x00, 0x00, 0x7F,
  0xFF, 0xFF, 0xFF, 0xFF, 0xFF, 0xFF, 0xF8, 0x3E, 0x3F, 0x9C, 0xE0, 0x70, 0x70, 0x78, 0xF8, 0xF0,
  0x7F, 0xFF, 0xC0, 0x3E, 0x3F, 0x9D, 0xC3, 0xE1, 0xF0, 0x3C, 0x0F, 0xEF, 0x7F, 0x1F, 0x00, 0x7F,
  0xEF, 0x38, 0xF8, 0x3F, 0xE0, 0xFF, 0x83, 0xFE, 0x0F, 0xF8, 0x3F, 0xE0, 0xFF, 0x83, 0xFE, 0x0F,
  0xF8, 0x3F, 0xE1, 0xFF, 0x87, 0xFF, 0x3F, 0xFF, 0xFF, 0xFF, 0xFF, 0xFB, 0xFE, 0x00, 0xF8, 0x03,
  0xE0, 0x0F, 0x80, 0x3E, 0x00, 0xF8, 0x00, 0x1F, 0xFF, 0x7F, 0xFF, 0x7F, 0xFF, 0xFF, 0xBC, 0xFF,
  0xBC, 0xFF, 0xBC, 0xFF, 0xBC, 0xFF, 0xBC, 0xFF, 0xBC, 0x7F, 0xBC, 0x1F, 0xBC, 0x07, 0xBC, 0x07,
  0xBC, 0x07, 0xBC, 0x07, 0xBC, 0x07, 0xBC, 0x07, 0xBC, 0x07, 0xBC, 0x07, 0xBC, 0x07, 0xBC, 0x07,
  0xBC, 0x07, 0xBC, 0x07, 0xBC, 0x07, 0xBC, 0x07, 0xBC, 0xFF, 0xFF, 0xF0, 0x3E, 0x07, 0x07, 0x0F,
  0xFE, 0x1D, 0xFF, 0xF7, 0x1C, 0x71, 0xC7, 0x1C, 0x70, 0x3F, 0x1F, 0xE7, 0x3F, 0xCF, 0xF1, 0xFC,
  0x7F, 0x3D, 0xCF, 0x7F, 0x8F, 0xC0, 0xF3, 0x83, 0xDE, 0x0E, 0x78, 0x7B, 0xC1, 0xEF, 0x0F, 0x3C,
  0x3D, 0xE3, 0xCF, 0x1E, 0xF1, 0xEF, 0x0E, 0x78, 0xF7, 0x8F, 0x38, 0x00, 0x1C, 0x01, 0xC1, 0xF0,
  0x0E, 0x0F, 0xC0, 0x30, 0x37, 0x01, 0xC0, 0x1C, 0x06, 0x00, 0x70, 0x38, 0x01, 0xC1, 0xC0, 0x07,
  0x06, 0x00, 0x1C, 0x38, 0x00, 0x70, 0xC0, 0x00, 0x07, 0x03, 0x80, 0x38, 0x1E, 0x00, 0xE0, 0xF8,
  0x07, 0x07, 0xE0, 0x18, 0x3B, 0x80, 0xE1, 0xCE, 0x07, 0x07, 0xFC, 0x1C, 0x1F, 0xF0, 0xE0, 0x03,
  0x83, 0x00, 0x0E, 0x1C, 0x01, 0xC1, 0xF0, 0x0E, 0x0F, 0xC0, 0x30, 0x37, 0x01, 0xC0, 0x1C, 0x06,
  0x00, 0x70, 0x38, 0x01, 0xC1, 0xC0, 0x07, 0x06, 0x00, 0x1C, 0x38, 0x00, 0x70, 0xC0, 0x00, 0x07,
  0x1F, 0x00, 0x38, 0xFE, 0x00, 0xE3, 0x9C, 0x07, 0x00, 0x70, 0x18, 0x03, 0x80, 0xE0, 0x1E, 0x07,
  0x01, 0xF0, 0x1C, 0x0F, 0x00, 0xE0, 0x3F, 0xC3, 0x01, 0xFF, 0x3E, 0x00, 0xE0, 0xFE, 0x01, 0x81,
  0xDC, 0x07, 0x00, 0xF8, 0x0C, 0x01, 0xF0, 0x38, 0x00, 0xF0, 0xE0, 0x00, 0xE1, 0x80, 0x7B, 0xC7,
  0x00, 0x7F, 0x0C, 0x00, 0x7C, 0x38, 0x00, 0x00, 0xE0, 0x70, 0x01, 0x81, 0xE0, 0x07, 0x07, 0xC0,
  0x0C, 0x1F, 0x80, 0x38, 0x77, 0x00, 0xE1, 0xCE, 0x01, 0x83, 0xFE, 0x07, 0x07, 0xFC, 0x0C, 0x00,
  0x70, 0x38, 0x00, 0xE0, 0x07, 0xC0, 0x0F, 0x80, 0x1F, 0x00, 0x3E, 0x00, 0x00, 0x00, 0x00, 0x00,
  0xF0, 0x01, 0xE0, 0x07, 0x80, 0x1F, 0x00, 0x7C, 0x01, 0xF8, 0x07, 0xC0, 0x1F, 0x00, 0x3E, 0x00,
  0x78, 0x0F, 0xF8, 0x3E, 0xF8, 0xF9, 0xFF, 0xF1, 0xFF, 0xC0, 0xFE, 0x00, 0x03, 0xE0, 0x00, 0x1E,
  0x00, 0x00, 0xF0, 0x00, 0x07, 0x00, 0x00, 0x00, 0x00, 0x00, 0x00, 0x01, 0xF8, 0x00, 0x1F, 0x80,
  0x01, 0xF8, 0x00, 0x3F, 0xC0, 0x03, 0xFC, 0x00, 0x7F, 0xE0, 0x07, 0x9E, 0x00, 0x79, 0xE0, 0x0F,
  0x9F, 0x00, 0xF0, 0xF0, 0x1F, 0x0F, 0x81, 0xF0, 0xF8, 0x1F, 0xFF, 0x83, 0xFF, 0xFC, 0x3F, 0xFF,
  0xC3, 0xC0, 0x3E, 0x7C, 0x03, 0xE7, 0x80, 0x1E, 0xF8, 0x01, 0xFF, 0x80, 0x1F, 0x00, 0x7C, 0x00,
  0x0F, 0x80, 0x00, 0xF0, 0x00, 0x0E, 0x00, 0x00, 0x00, 0x00, 0x00, 0x00, 0x01, 0xF8, 0x00, 0x1F,
  0x80, 0x01, 0xF8, 0x00, 0x3F, 0xC0, 0x03, 0xFC, 0x00, 0x7F, 0xE0, 0x07, 0x9E, 0x00, 0x79, 0xE0,
  0x0F, 0x9F, 0x00, 0xF0, 0xF0, 0x1F, 0x0F, 0x81, 0xF0, 0xF8, 0x1F, 0xFF, 0x83, 0xFF, 0xFC, 0x3F,
  0xFF, 0xC3, 0xC0, 0x3E, 0x7C, 0x03, 0xE7, 0x80, 0x1E, 0xF8, 0x01, 0xFF, 0x80, 0x1F, 0x00, 0xF0,
  0x00, 0x1F, 0x80, 0x03, 0xFC, 0x00, 0x79, 0xC0, 0x00, 0x00, 0x00, 0x00, 0x00, 0x01, 0xF8, 0x00,
  0x1F, 0x80, 0x01, 0xF8, 0x00, 0x3F, 0xC0, 0x03, 0xFC, 0x00, 0x7F, 0xE0, 0x07, 0x9E, 0x00, 0x79,
  0xE0, 0x0F, 0x9F, 0x00, 0xF0, 0xF0, 0x1F, 0x0F, 0x81, 0xF0, 0xF8, 0x1F, 0xFF, 0x83, 0xFF, 0xFC,
  0x3F, 0xFF, 0xC3, 0xC0, 0x3E, 0x7C, 0x03, 0xE7, 0x80, 0x1E, 0xF8, 0x01, 0xFF, 0x80, 0x1F, 0x03,
  0xCE, 0x00, 0x7F, 0xC0, 0x06, 0x7C, 0x00, 0x00, 0x00, 0x00, 0x00, 0x00, 0x1F, 0x80, 0x01, 0xF8,
  0x00, 0x1F, 0x80, 0x03, 0xFC, 0x00, 0x3F, 0xC0, 0x07, 0xFE, 0x00, 0x79, 0xE0, 0x07, 0x9E, 0x00,
  0xF9, 0xF0, 0x0F, 0x0F, 0x01, 0xF0, 0xF8, 0x1F, 0x0F, 0x81, 0xFF, 0xF8, 0x3F, 0xFF, 0xC3, 0xFF,
  0xFC, 0x3C, 0x03, 0xE7, 0xC0, 0x3E, 0x78, 0x01, 0xEF, 0x80, 0x1F, 0xF8, 0x01, 0xF0, 0x07, 0x9E,
  0x00, 0x79, 0xE0, 0x07, 0x9E, 0x00, 0x00, 0x00, 0x00, 0x00, 0x00, 0x1F, 0x80, 0x01, 0xF8, 0x00,
  0x1F, 0x80, 0x03, 0xFC, 0x00, 0x3F, 0xC0, 0x07, 0xFE, 0x00, 0x79, 0xE0, 0x07, 0x9E, 0x00, 0xF9,
  0xF0, 0x0F, 0x0F, 0x01, 0xF0, 0xF8, 0x1F, 0x0F, 0x81, 0xFF, 0xF8, 0x3F, 0xFF, 0xC3, 0xFF, 0xFC,
  0x3C, 0x03, 0xE7, 0xC0, 0x3E, 0x78, 0x01, 0xEF, 0x80, 0x1F, 0xF8, 0x01, 0xF0, 0x00, 0xF0, 0x00,
  0x19, 0x80, 0x01, 0x98, 0x00, 0x1F, 0x80, 0x01, 0xF8, 0x00, 0x1F, 0x80, 0x03, 0xFC, 0x00, 0x3F,
  0xC0, 0x07, 0xFE, 0x00, 0x79, 0xE0, 0x07, 0x9E, 0x00, 0xF9, 0xF0, 0x0F, 0x0F, 0x01, 0xF0, 0xF8,
  0x1F, 0x0F, 0x81, 0xFF, 0xF8, 0x3F, 0xFF, 0xC3, 0xFF, 0xFC, 0x3C, 0x03, 0xE7, 0xC0, 0x3E, 0x78,
  0x01, 0xEF, 0x80, 0x1F, 0xF8, 0x01, 0xF0, 0x00, 0x7F, 0xFF, 0xF0, 0x0F, 0xFF, 0xFF, 0x00, 0xFF,
  0xFF, 0xF0, 0x1F, 0x7F, 0xFF, 0x01, 0xE7, 0xC0, 0x00, 0x3E, 0x7C, 0x00, 0x03, 0xC7, 0xC0, 0x00,
  0x7C, 0x7F, 0xFE, 0x07, 0x87, 0xFF, 0xE0, 0xF8, 0x7F, 0xFE, 0x0F, 0x07, 0xFF, 0xE0, 0xFF, 0xFC,
  0x00, 0x1F, 0xFF, 0xC0, 0x01, 0xFF, 0xFC, 0x00, 0x3F, 0xFF, 0xC0, 0x03, 0xC0, 0x7C, 0x00, 0x7C,
  0x07, 0xFF, 0xF7, 0xC0, 0x7F, 0xFF, 0xF8, 0x07, 0xFF, 0xFF, 0x80, 0x7F, 0xFF, 0x03, 0xF8, 0x03,
  0xFF, 0x81, 0xFF, 0xF0, 0xFF, 0xFE, 0x7F, 0x1F, 0x9F, 0x01, 0xF7, 0x80, 0x7B, 0xE0, 0x00, 0xF8,
  0x00, 0x3E, 0x00, 0x0F, 0x80, 0x03, 0xE0, 0x00, 0xF8, 0x07, 0x9E, 0x01, 0xF7, 0xC0, 0xFD, 0xFC,
  0x7E, 0x3F, 0xFF, 0x87, 0xFF, 0xC0, 0xFF, 0xE0, 0x0F, 0xE0, 0x01, 0xF0, 0x00, 0x1E, 0x00, 0x03,
  0x80, 0x01, 0xE0, 0x07, 0xF0, 0x00, 0x0F, 0x00, 0x07, 0x80, 0x03, 0x80, 0x01, 0xC0, 0x00, 0x00,
  0x00, 0x00, 0xFF, 0xFE, 0xFF, 0xFE, 0xFF, 0xFE, 0xFF, 0xFE, 0xF0, 0x00, 0xF0, 0x00, 0xF0, 0x00,
  0xF0, 0x00, 0xFF, 0xFC, 0xFF, 0xFC, 0xFF, 0xFC, 0xFF, 0xFC, 0xF0, 0x00, 0xF0, 0x00, 0xF0, 0x00,
  0xF0, 0x00, 0xFF, 0xFF, 0xFF, 0xFF, 0xFF, 0xFF, 0xFF, 0xFF, 0x01, 0xE0, 0x03, 0xC0, 0x03, 0x80,
  0x07, 0x00, 0x00, 0x00, 0x00, 0x00, 0xFF, 0xFE, 0xFF, 0xFE, 0xFF, 0xFE, 0xFF, 0xFE, 0xF0, 0x00,
  0xF0, 0x00, 0xF0, 0x00, 0xF0, 0x00, 0xFF, 0xFC, 0xFF, 0xFC, 0xFF, 0xFC, 0xFF, 0xFC, 0xF0, 0x00,
  0xF0, 0x00, 0xF0, 0x00, 0xF0, 0x00, 0xFF, 0xFF, 0xFF, 0xFF, 0xFF, 0xFF, 0xFF, 0xFF, 0x07, 0xC0,
  0x0F, 0xC0, 0x1F, 0xE0, 0x1C, 0xF0, 0x00, 0x00, 0x00, 0x00, 0xFF, 0xFE, 0xFF, 0xFE, 0xFF, 0xFE,
  0xFF, 0xFE, 0xF0, 0x00, 0xF0, 0x00, 0xF0, 0x00, 0xF0, 0x00, 0xFF, 0xFC, 0xFF, 0xFC, 0xFF, 0xFC,
  0xFF, 0xFC, 0xF0, 0x00, 0xF0, 0x00, 0xF0, 0x00, 0xF0, 0x00, 0xFF, 0xFF, 0xFF, 0xFF, 0xFF, 0xFF,
  0xFF, 0xFF, 0x1C, 0xF0, 0x1C, 0xF0, 0x1C, 0xF0, 0x00, 0x00, 0x00, 0x00, 0xFF, 0xFE, 0xFF, 0xFE,
  0xFF, 0xFE, 0xFF, 0xFE, 0xF0, 0x00, 0xF0, 0x00, 0xF0, 0x00, 0xF0, 0x00, 0xFF, 0xFC, 0xFF, 0xFC,
  0xFF, 0xFC, 0xFF, 0xFC, 0xF0, 0x00, 0xF0, 0x00, 0xF0, 0x00, 0xF0, 0x00, 0xFF, 0xFF, 0xFF, 0xFF,
  0xFF, 0xFF, 0xFF, 0xFF, 0xF9, 0xE3, 0xC7, 0x00, 0x03, 0xCF, 0x3C, 0xF3, 0xCF, 0x3C, 0xF3, 0xCF,
  0x3C, 0xF3, 0xCF, 0x3C, 0xF3, 0xCF, 0x3C, 0xF0, 0x3D, 0xF7, 0xBC, 0x00, 0x07, 0x9E, 0x79, 0xE7,
  0x9E, 0x79, 0xE7, 0x9E, 0x79, 0xE7, 0x9E, 0x79, 0xE7, 0x9E, 0x79, 0xE0, 0x3C, 0x3F, 0x3F, 0xDC,
  0xF0, 0x00, 0x00, 0xF0, 0x78, 0x3C, 0x1E, 0x0F, 0x07, 0x83, 0xC1, 0xE0, 0xF0, 0x78, 0x3C, 0x1E,
  0x0F, 0x07, 0x83, 0xC1, 0xE0, 0xF0, 0x78, 0x3C, 0x1E, 0x00, 0xF3, 0xFC, 0xFF, 0x3C, 0x00, 0x00,
  0x07, 0x81, 0xE0, 0x78, 0x1E, 0x07, 0x81, 0xE0, 0x78, 0x1E, 0x07, 0x81, 0xE0, 0x78, 0x1E, 0x07,
  0x81, 0xE0, 0x78, 0x1E, 0x07, 0x81, 0xE0, 0x78, 0x1E, 0x00, 0x3F, 0xFC, 0x07, 0xFF, 0xE0, 0xFF,
  0xFE, 0x1F, 0xFF, 0xC3, 0xC1, 0xFC, 0x78, 0x0F, 0x8F, 0x00, 0xF9, 0xE0, 0x1F, 0xFF, 0xE3, 0xFF,
  0xFC, 0x7F, 0xFF, 0x8F, 0x9E, 0x01, 0xF3, 0xC0, 0x3E, 0x78, 0x07, 0xCF, 0x01, 0xF1, 0xE0, 0x7E,
  0x3F, 0xFF, 0x87, 0xFF, 0xF0, 0xFF, 0xFC, 0x1F, 0xFE, 0x00, 0x0F, 0x98, 0x1F, 0xF8, 0x1D, 0xF0,
  0x00, 0x00, 0x00, 0x00, 0xF8, 0x0F, 0xF8, 0x0F, 0xFC, 0x0F, 0xFC, 0x0F, 0xFE, 0x0F, 0xFF, 0x0F,
  0xFF, 0x0F, 0xFF, 0x8F, 0xF7, 0xCF, 0xF7, 0xCF, 0xF3, 0xEF, 0xF3, 0xEF, 0xF1, 0xFF, 0xF0, 0xFF,
  0xF0, 0xFF, 0xF0, 0x7F, 0xF0, 0x7F, 0xF0, 0x3F, 0xF0, 0x1F, 0xF0, 0x1F, 0x03, 0xE0, 0x00, 0x1E,
  0x00, 0x00, 0xF0, 0x00, 0x07, 0x00, 0x00, 0x00, 0x00, 0x00, 0x00, 0x03, 0xFC, 0x00, 0xFF, 0xF0,
  0x1F, 0xFF, 0x83, 0xFF, 0xFC, 0x7F, 0x0F, 0xE7, 0xC0, 0x3E, 0xF8, 0x03, 0xEF, 0x80, 0x1F, 0xF8,
  0x01, 0xFF, 0x80, 0x1F, 0xF8, 0x01, 0xFF, 0x80, 0x1F, 0xF8, 0x01, 0xFF, 0x80, 0x3E, 0x7C, 0x03,
  0xE7, 0xF0, 0xFE, 0x3F, 0xFF, 0xC1, 0xFF, 0xF8, 0x0F, 0xFF, 0x00, 0x3F, 0xC0, 0x00, 0x78, 0x00,
  0x0F, 0x80, 0x00, 0xF0, 0x00, 0x1E, 0x00, 0x00, 0x00, 0x00, 0x00, 0x00, 0x03, 0xFC, 0x00, 0xFF,
  0xF0, 0x1F, 0xFF, 0x83, 0xFF, 0xFC, 0x7F, 0x0F, 0xE7, 0xC0, 0x3E, 0xF8, 0x03, 0xEF, 0x80, 0x1F,
  0xF8, 0x01, 0xFF, 0x80, 0x1F, 0xF8, 0x01, 0xFF, 0x80, 0x1F, 0xF8, 0x01, 0xFF, 0x80, 0x3E, 0x7C,
  0x03, 0xE7, 0xF0, 0xFE, 0x3F, 0xFF, 0xC1, 0xFF, 0xF8, 0x0F, 0xFF, 0x00, 0x3F, 0xC0, 0x01, 0xF0,
  0x00, 0x1F, 0x80, 0x03, 0xFC, 0x00, 0x79, 0xC0, 0x00, 0x00, 0x00, 0x00, 0x00, 0x03, 0xFC, 0x00,
  0xFF, 0xF0, 0x1F, 0xFF, 0x83, 0xFF, 0xFC, 0x7F, 0x0F, 0xE7, 0xC0, 0x3E, 0xF8, 0x03, 0xEF, 0x80,
  0x1F, 0xF8, 0x01, 0xFF, 0x80, 0x1F, 0xF8, 0x01, 0xFF, 0x80, 0x1F, 0xF8, 0x01, 0xFF, 0x80, 0x3E,
  0x7C, 0x03, 0xE7, 0xF0, 0xFE, 0x3F, 0xFF, 0xC1, 0xFF, 0xF8, 0x0F, 0xFF, 0x00, 0x3F, 0xC0, 0x03,
  0xCE, 0x00, 0x7F, 0xC0, 0x06, 0x7C, 0x00, 0x00, 0x00, 0x00, 0x00, 0x00, 0x3F, 0xC0, 0x0F, 0xFF,
  0x01, 0xFF, 0xF8, 0x3F, 0xFF, 0xC7, 0xF0, 0xFE, 0x7C, 0x03, 0xEF, 0x80, 0x3E, 0xF8, 0x01, 0xFF,
  0x80, 0x1F, 0xF8, 0x01, 0xFF, 0x80, 0x1F, 0xF8, 0x01, 0xFF, 0x80, 0x1F, 0xF8, 0x03, 0xE7, 0xC0,
  0x3E, 0x7F, 0x0F, 0xE3, 0xFF, 0xFC, 0x1F, 0xFF, 0x80, 0xFF, 0xF0, 0x03, 0xFC, 0x00, 0x07, 0x9E,
  0x00, 0x79, 0xE0, 0x07, 0x9E, 0x00, 0x00, 0x00, 0x00, 0x00, 0x00, 0x3F, 0xC0, 0x0F, 0xFF, 0x01,
  0xFF, 0xF8, 0x3F, 0xFF, 0xC7, 0xF0, 0xFE, 0x7C, 0x03, 0xEF, 0x80, 0x3E, 0xF8, 0x01, 0xFF, 0x80,
  0x1F, 0xF8, 0x01, 0xFF, 0x80, 0x1F, 0xF8, 0x01, 0xFF, 0x80, 0x1F, 0xF8, 0x03, 0xE7, 0xC0, 0x3E,
  0x7F, 0x0F, 0xE3, 0xFF, 0xFC, 0x1F, 0xFF, 0x80, 0xFF, 0xF0, 0x03, 0xFC, 0x00, 0x30, 0x31, 0xE1,
  0xEF, 0xCF, 0xDF, 0xFE, 0x3F, 0xF0, 0x7F, 0x80, 0xFC, 0x07, 0xF8, 0x3F, 0xF1, 0xFF, 0xE7, 0xCF,
  0xDE, 0x1E, 0x30, 0x30, 0x03, 0xFC, 0x60, 0xFF, 0xFF, 0x1F, 0xFF, 0xE3, 0xFF, 0xFC, 0x7F, 0x0F,
  0xE7, 0xC0, 0xFE, 0xF8, 0x1F, 0xEF, 0x83, 0xFF, 0xF8, 0x7D, 0xFF, 0x8F, 0x9F, 0xF9, 0xF1, 0xFF,
  0xBE, 0x1F, 0xFF, 0xC1, 0xFF, 0xF8, 0x3E, 0x7F, 0x03, 0xE7, 0xF0, 0xFE, 0x3F, 0xFF, 0xC7, 0xFF,
  0xF8, 0xFF, 0xFF, 0x06, 0x3F, 0xC0, 0x0F, 0x80, 0x07, 0x80, 0x03, 0xC0, 0x01, 0xC0, 0x00, 0x00,
  0x00, 0x00, 0xF0, 0x0F, 0xF0, 0x0F, 0xF0, 0x0F, 0xF0, 0x0F, 0xF0, 0x0F, 0xF0, 0x0F, 0xF0, 0x0F,
  0xF0, 0x0F, 0xF0, 0x0F, 0xF0, 0x0F, 0xF0, 0x0F, 0xF0, 0x0F, 0xF0, 0x0F, 0xF8, 0x0F, 0xF8, 0x1F,
  0xFC, 0x3F, 0x7F, 0xFE, 0x7F, 0xFE, 0x3F, 0xFC, 0x0F, 0xF0, 0x01, 0xF0, 0x03, 0xE0, 0x03, 0xC0,
  0x03, 0x80, 0x00, 0x00, 0x00, 0x00, 0xF0, 0x0F, 0xF0, 0x0F, 0xF0, 0x0F, 0xF0, 0x0F, 0xF0, 0x0F,
  0xF0, 0x0F, 0xF0, 0x0F, 0xF0, 0x0F, 0xF0, 0x0F, 0xF0, 0x0F, 0xF0, 0x0F, 0xF0, 0x0F, 0xF0, 0x0F,
  0xF8, 0x0F, 0xF8, 0x1F, 0xFC, 0x3F, 0x7F, 0xFE, 0x7F, 0xFE, 0x3F, 0xFC, 0x0F, 0xF0, 0x03, 0xE0,
  0x07, 0xE0, 0x0F, 0xF0, 0x0E, 0x78, 0x00, 0x00, 0x00, 0x00, 0xF0, 0x0F, 0xF0, 0x0F, 0xF0, 0x0F,
  0xF0, 0x0F, 0xF0, 0x0F, 0xF0, 0x0F, 0xF0, 0x0F, 0xF0, 0x0F, 0xF0, 0x0F, 0xF0, 0x0F, 0xF0, 0x0F,
  0xF0, 0x0F, 0xF0, 0x0F, 0xF8, 0x0F, 0xF8, 0x1F, 0xFC, 0x3F, 0x7F, 0xFE, 0x7F, 0xFE, 0x3F, 0xFC,
  0x0F, 0xF0, 0x1E, 0x78, 0x1E, 0x78, 0x1E, 0x78, 0x00, 0x00, 0x00, 0x00, 0xF0, 0x0F, 0xF0, 0x0F,
  0xF0, 0x0F, 0xF0, 0x0F, 0xF0, 0x0F, 0xF0, 0x0F, 0xF0, 0x0F, 0xF0, 0x0F, 0xF0, 0x0F, 0xF0, 0x0F,
  0xF0, 0x0F, 0xF0, 0x0F, 0xF0, 0x0F, 0xF8, 0x0F, 0xF8, 0x1F, 0xFC, 0x3F, 0x7F, 0xFE, 0x7F, 0xFE,
  0x3F, 0xFC, 0x0F, 0xF0, 0x00, 0xF8, 0x00, 0x1E, 0x00, 0x07, 0x80, 0x00, 0xE0, 0x00, 0x00, 0x00,
  0x00, 0x00, 0x3E, 0x00, 0xFB, 0xE0, 0x3E, 0x7C, 0x0F, 0x87, 0xC1, 0xF0, 0x7C, 0x7C, 0x0F, 0x8F,
  0x00, 0xFB, 0xE0, 0x1F, 0xF8, 0x01, 0xFF, 0x00, 0x1F, 0xC0, 0x03, 0xF0, 0x00, 0x3E, 0x00, 0x07,
  0xC0, 0x00, 0xF8, 0x00, 0x1F, 0x00, 0x03, 0xE0, 0x00, 0x7C, 0x00, 0x0F, 0x80, 0x01, 0xF0, 0x00,
  0x3E, 0x00, 0xF0, 0x00, 0xF0, 0x00, 0xF0, 0x00, 0xF0, 0x00, 0xFF, 0xF0, 0xFF, 0xFC, 0xFF, 0xFE,
  0xFF, 0xFE, 0xF0, 0x3E, 0xF0, 0x1F, 0xF0, 0x1F, 0xF0, 0x3E, 0xFF, 0xFE, 0xFF, 0xFE, 0xFF, 0xFC,
  0xFF, 0xF0, 0xF0, 0x00, 0xF0, 0x00, 0xF0, 0x00, 0xF0, 0x00, 0x1F, 0x81, 0xFF, 0x87, 0xFE, 0x3E,
  0x7C, 0xF1, 0xF3, 0xC7, 0x8F, 0x1E, 0x3C, 0xF0, 0xF3, 0xC3, 0xDF, 0x0F, 0x3E, 0x3C, 0x7C, 0xF1,
  0xFB, 0xC1, 0xFF, 0x03, 0xFC, 0x4F, 0xF7, 0x3F, 0xDF, 0xFF, 0x3F, 0xBC, 0x7C, 0x1E, 0x00, 0x3C,
  0x00, 0x70, 0x00, 0xE0, 0x00, 0x00, 0x7F, 0x83, 0xFF, 0x1F, 0xFE, 0xF8, 0xF9, 0xC1, 0xE0, 0x1F,
  0x87, 0xFE, 0x7F, 0xFB, 0xE1, 0xEF, 0x07, 0xBC, 0x3E, 0xF9, 0xFB, 0xFF, 0xE7, 0xFF, 0x8F, 0xDF,
  0x03, 0xE0, 0x0F, 0x00, 0x78, 0x01, 0xC0, 0x00, 0x00, 0x7F, 0x83, 0xFF, 0x1F, 0xFE, 0xF8, 0xF9,
  0xC1, 0xE0, 0x1F, 0x87, 0xFE, 0x7F, 0xFB, 0xE1, 0xEF, 0x07, 0xBC, 0x3E, 0xF9, 0xFB, 0xFF, 0xE7,
  0xFF, 0x8F, 0xDF, 0x0F, 0x80, 0x3F, 0x01, 0xFE, 0x0F, 0x38, 0x00, 0x00, 0x7F, 0x83, 0xFF, 0x1F,
  0xFE, 0xF8, 0xF9, 0xC1, 0xE0, 0x1F, 0x87, 0xFE, 0x7F, 0xFB, 0xE1, 0xEF, 0x07, 0xBC, 0x3E, 0xF9,
  0xFB, 0xFF, 0xE7, 0xFF, 0x8F, 0xDF, 0x1E, 0x70, 0xFF, 0xC3, 0x3E, 0x00, 0x00, 0x1F, 0xE0, 0xFF,
  0xC7, 0xFF, 0xBE, 0x3E, 0x70, 0x78, 0x07, 0xE1, 0xFF, 0x9F, 0xFE, 0xF8, 0x7B, 0xC1, 0xEF, 0x0F,
  0xBE, 0x7E, 0xFF, 0xF9, 0xFF, 0xE3, 0xF7, 0xC0, 0x3C, 0xF0, 0xF3, 0xC3, 0xCF, 0x00, 0x00, 0x1F,
  0xE0, 0xFF, 0xC7, 0xFF, 0xBE, 0x3E, 0x70, 0x78, 0x07, 0xE1, 0xFF, 0x9F, 0xFE, 0xF8, 0x7B, 0xC1,
  0xEF, 0x0F, 0xBE, 0x7E, 0xFF, 0xF9, 0xFF, 0xE3, 0xF7, 0xC0, 0x07, 0x80, 0x37, 0x00, 0xDC, 0x01,
  0xE0, 0x00, 0x00, 0x7F, 0x83, 0xFF, 0x1F, 0xFE, 0xF8, 0xF9, 0xC1, 0xE0, 0x1F, 0x87, 0xFE, 0x7F,
  0xFB, 0xE1, 0xEF, 0x07, 0xBC, 0x3E, 0xF9, 0xFB, 0xFF, 0xE7, 0xFF, 0x8F, 0xDF, 0x1F, 0xE7, 0xE0,
  0x7F, 0xFF, 0xE1, 0xFF, 0xFF, 0xE3, 0xE7, 0xF3, 0xE7, 0x87, 0xC3, 0xC0, 0x0F, 0x07, 0x80, 0xFF,
  0xFF, 0x9F, 0xFF, 0xFF, 0x7F, 0x7F, 0xFF, 0xF0, 0xF0, 0x03, 0xC1, 0xF0, 0x07, 0xCF, 0xF1, 0xCF,
  0xFF, 0xFF, 0xCF, 0xFB, 0xFF, 0x0F, 0xE1, 0xFC, 0x00, 0x0F, 0xE0, 0xFF, 0xC7, 0xFF, 0x9F, 0x3F,
  0xF8, 0x7B, 0xE0, 0x0F, 0x00, 0x3C, 0x00, 0xF0, 0x03, 0xE0, 0x0F, 0x83, 0x9F, 0x1F, 0x7F, 0xF8,
  0xFF, 0xE0, 0xFE, 0x01, 0xF0, 0x01, 0xE0, 0x03, 0x80, 0x1E, 0x07, 0xE0, 0x1E, 0x00, 0x3C, 0x00,
  0xF0, 0x01, 0xE0, 0x00, 0x00, 0x7F, 0x03, 0xFE, 0x1F, 0xFC, 0x7C, 0xFB, 0xE1, 0xEF, 0x07, 0xBF,
  0xFF, 0xFF, 0xFF, 0xFF, 0xFF, 0x00, 0x3E, 0x00, 0xFC, 0xF1, 0xFF, 0xE3, 0xFF, 0x07, 0xF8, 0x03,
  0xE0, 0x0F, 0x00, 0x78, 0x01, 0xC0, 0x00, 0x00, 0x7F, 0x03, 0xFE, 0x1F, 0xFC, 0x7C, 0xFB, 0xE1,
  0xEF, 0x07, 0xBF, 0xFF, 0xFF, 0xFF, 0xFF, 0xFF, 0x00, 0x3E, 0x00, 0xFC, 0xF1, 0xFF, 0xE3, 0xFF,
  0x07, 0xF8, 0x0F, 0x80, 0x3F, 0x01, 0xFE, 0x0F, 0x38, 0x00, 0x00, 0x7F, 0x03, 0xFE, 0x1F, 0xFC,
  0x7C, 0xFB, 0xE1, 0xEF, 0x07, 0xBF, 0xFF, 0xFF, 0xFF, 0xFF, 0xFF, 0x00, 0x3E, 0x00, 0xFC, 0xF1,
  0xFF, 0xE3, 0xFF, 0x07, 0xF8, 0x3C, 0xF0, 0xF3, 0xC3, 0xCF, 0x00, 0x00, 0x1F, 0xC0, 0xFF, 0x87,
  0xFF, 0x1F, 0x3E, 0xF8, 0x7B, 0xC1, 0xEF, 0xFF, 0xFF, 0xFF, 0xFF, 0xFF, 0xC0, 0x0F, 0x80, 0x3F,
  0x3C, 0x7F, 0xF8, 0xFF, 0xC1, 0xFE, 0x00, 0xF1, 0xE3, 0x87, 0x00, 0xF3, 0xCF, 0x3C, 0xF3, 0xCF,
  0x3C, 0xF3, 0xCF, 0x3C, 0xF3, 0xCF, 0x7D, 0xEF, 0x38, 0x03, 0xCF, 0x3C, 0xF3, 0xCF, 0x3C, 0xF3,
  0xCF, 0x3C, 0xF3, 0xCF, 0x3C, 0x1E, 0x1F, 0x9F, 0xFE, 0x70, 0x00, 0xF0, 0x78, 0x3C, 0x1E, 0x0F,
  0x07, 0x83, 0xC1, 0xE0, 0xF0, 0x78, 0x3C, 0x1E, 0x0F, 0x07, 0x83, 0xC0, 0xF3, 0xFC, 0xFF, 0x3C,
  0x00, 0x1E, 0x07, 0x81, 0xE0, 0x78, 0x1E, 0x07, 0x81, 0xE0, 0x78, 0x1E, 0x07, 0x81, 0xE0, 0x78,
  0x1E, 0x07, 0x81, 0xE0, 0x0F, 0x30, 0x0F, 0xC0, 0x1F, 0x80, 0x67, 0x80, 0x07, 0x81, 0xFF, 0x0F,
  0xFF, 0x3F, 0xFE, 0x7C, 0x7F, 0xF0, 0x7F, 0xE0, 0xFF, 0xC0, 0xFF, 0x01, 0xFE, 0x03, 0xFE, 0x07,
  0xFC, 0x1F, 0x7C, 0x7C, 0x7F, 0xF0, 0x7F, 0xE0, 0x7F, 0x00, 0x1E, 0x71, 0xFF, 0x0C, 0xF8, 0x00,
  0x0F, 0x7E, 0x7F, 0xFB, 0xFF, 0xFF, 0x9F, 0xF8, 0x7F, 0x83, 0xFC, 0x1F, 0xE0, 0xFF, 0x07, 0xF8,
  0x3F, 0xC1, 0xFE, 0x0F, 0xF0, 0x7F, 0x83, 0xFC, 0x1E, 0x0F, 0x00, 0x1F, 0x00, 0x1E, 0x00, 0x1E,
  0x00, 0x00, 0x01, 0xFC, 0x07, 0xFE, 0x1F, 0xFE, 0x7C, 0x7D, 0xF0, 0x7F, 0xE0, 0x7F, 0x80, 0xFF,
  0x01, 0xFE, 0x03, 0xFE, 0x07, 0xFC, 0x1F, 0x7C, 0x7C, 0x7F, 0xF8, 0x7F, 0xE0, 0x7F, 0x00, 0x01,
  0xF0, 0x03, 0xC0, 0x0F, 0x00, 0x1C, 0x00, 0x00, 0x01, 0xFC, 0x07, 0xFE, 0x1F, 0xFE, 0x7C, 0x7D,
  0xF0, 0x7F, 0xE0, 0x7F, 0x80, 0xFF, 0x01, 0xFE, 0x03, 0xFE, 0x07, 0xFC, 0x1F, 0x7C, 0x7C, 0x7F,
  0xF8, 0x7F, 0xE0, 0x7F, 0x00, 0x07, 0xC0, 0x0F, 0xC0, 0x3F, 0x80, 0xF7, 0x80, 0x00, 0x01, 0xFC,
  0x07, 0xFE, 0x1F, 0xFE, 0x7C, 0x7D, 0xF0, 0x7F, 0xE0, 0x7F, 0x80, 0xFF, 0x01, 0xFE, 0x03, 0xFE,
  0x07, 0xFC, 0x1F, 0x7C, 0x7C, 0x7F, 0xF8, 0x7F, 0xE0, 0x7F, 0x00, 0x0F, 0x38, 0x3F, 0xE0, 0x67,
  0xC0, 0x00, 0x00, 0xFE, 0x03, 0xFF, 0x0F, 0xFF, 0x3E, 0x3E, 0xF8, 0x3F, 0xF0, 0x3F, 0xC0, 0x7F,
  0x80, 0xFF, 0x01, 0xFF, 0x03, 0xFE, 0x0F, 0xBE, 0x3E, 0x3F, 0xFC, 0x3F, 0xF0, 0x3F, 0x80, 0x1C,
  0x70, 0x38, 0xE0, 0x71, 0xC0, 0x00, 0x00, 0xFE, 0x03, 0xFF, 0x0F, 0xFF, 0x3E, 0x3E, 0xF8, 0x3F,
  0xF0, 0x3F, 0xC0, 0x7F, 0x80, 0xFF, 0x01, 0xFF, 0x03, 0xFE, 0x0F, 0xBE, 0x3E, 0x3F, 0xFC, 0x3F,
  0xF0, 0x3F, 0x80, 0x03, 0xC0, 0x07, 0x80, 0x0F, 0x00, 0x1E, 0x00, 0x00, 0x00, 0x00, 0x3F, 0xFF,
  0xFF, 0xFF, 0xFF, 0xFF, 0xFF, 0xFC, 0x00, 0x00, 0x00, 0x00, 0x3C, 0x00, 0x78, 0x00, 0xF0, 0x01,
  0xE0, 0x0F, 0xEC, 0x3F, 0xFC, 0xFF, 0xF3, 0xE3, 0xEF, 0x87, 0xFF, 0x1F, 0xFC, 0x77, 0xF9, 0xCF,
  0xF7, 0x9F, 0xFE, 0x3D, 0xF8, 0xFB, 0xE3, 0xE7, 0xFF, 0xDF, 0xFF, 0x1B, 0xF8, 0x00, 0x3E, 0x00,
  0xF8, 0x03, 0xC0, 0x0E, 0x00, 0x00, 0x78, 0x3F, 0xC1, 0xFE, 0x0F, 0xF0, 0x7F, 0x83, 0xFC, 0x1F,
  0xE0, 0xFF, 0x07, 0xF8, 0x3F, 0xC1, 0xFE, 0x0F, 0xF9, 0xFF, 0xFF, 0xDF, 0xFE, 0x7E, 0xF0, 0x03,
  0xE0, 0x1E, 0x01, 0xE0, 0x0E, 0x00, 0x00, 0x78, 0x3F, 0xC1, 0xFE, 0x0F, 0xF0, 0x7F, 0x83, 0xFC,
  0x1F, 0xE0, 0xFF, 0x07, 0xF8, 0x3F, 0xC1, 0xFE, 0x0F, 0xF9, 0xFF, 0xFF, 0xDF, 0xFE, 0x7E, 0xF0,
  0x0F, 0x80, 0xFE, 0x07, 0xF0, 0x7B, 0xC0, 0x00, 0x78, 0x3F, 0xC1, 0xFE, 0x0F, 0xF0, 0x7F, 0x83,
  0xFC, 0x1F, 0xE0, 0xFF, 0x07, 0xF8, 0x3F, 0xC1, 0xFE, 0x0F, 0xF9, 0xFF, 0xFF, 0xDF, 0xFE, 0x7E,
  0xF0, 0x38, 0xE1, 0xC7, 0x0E, 0x38, 0x00, 0x0F, 0x07, 0xF8, 0x3F, 0xC1, 0xFE, 0x0F, 0xF0, 0x7F,
  0x83, 0xFC, 0x1F, 0xE0, 0xFF, 0x07, 0xF8, 0x3F, 0xC1, 0xFF, 0x3F, 0xFF, 0xFB, 0xFF, 0xCF, 0xDE,
  0x01, 0xF0, 0x03, 0xC0, 0x0F, 0x00, 0x1C, 0x00, 0x00, 0x1F, 0x03, 0xFE, 0x0F, 0xBC, 0x1E, 0x7C,
  0x3C, 0x78, 0xF8, 0xF1, 0xE1, 0xF3, 0xC1, 0xEF, 0x83, 0xDE, 0x07, 0xFC, 0x07, 0xF8, 0x0F, 0xE0,
  0x0F, 0xC0, 0x1F, 0x80, 0x3E, 0x00, 0x7C, 0x00, 0xF8, 0x03, 0xE0, 0x3F, 0xC0, 0x7F, 0x00, 0xFC,
  0x00, 0xF0, 0x03, 0xC0, 0x0F, 0x00, 0x3C, 0x00, 0xF0, 0x03, 0xDF, 0x8F, 0xFF, 0x3F, 0xFE, 0xFC,
  0xFF, 0xE1, 0xFF, 0x03, 0xFC, 0x0F, 0xF0, 0x3F, 0xC0, 0xFF, 0x03, 0xFE, 0x1F, 0xFC, 0xFB, 0xFF,
  0xEF, 0xFF, 0x3D, 0xF8, 0xF0, 0x03, 0xC0, 0x0F, 0x00, 0x3C, 0x00, 0xF0, 0x03, 0xC0, 0x00, 0x1E,
  0x78, 0x3C, 0xF0, 0x79, 0xE0, 0x00, 0x0F, 0x81, 0xFF, 0x07, 0xDE, 0x0F, 0x3E, 0x1E, 0x3C, 0x7C,
  0x78, 0xF0, 0xF9, 0xE0, 0xF7, 0xC1, 0xEF, 0x03, 0xFE, 0x03, 0xFC, 0x07, 0xF0, 0x07, 0xE0, 0x0F,
  0xC0, 0x1F, 0x00, 0x3E, 0x00, 0x7C, 0x01, 0xF0, 0x1F, 0xE0, 0x3F, 0x80, 0x7E, 0x00,
};

static const GFXglyph TramliXLargeGlyphs[] PROGMEM = {
  {     0,   0,   0,   8,    0,    0 },  // 0x20 ' '
  {     0,   5,  20,   9,    2,  -20 },  // 0x21 '!'
  {    13,  11,   7,  13,    1,  -20 },  // 0x22 '"'
  {    23,  15,  20,  16,    0,  -20 },  // 0x23 '#'
  {    61,  14,  23,  16,    1,  -21 },  // 0x24 '$'
  {   102,  23,  21,  25,    1,  -20 },  // 0x25 '%'
  {   163,  19,  20,  20,    1,  -20 },  // 0x26 '&'
  {   211,   5,   7,   7,    1,  -20 },  // 0x27 '''
  {   216,   7,  26,   9,    1,  -20 },  // 0x28 '('
  {   239,   7,  26,   9,    1,  -20 },  // 0x29 ')'
  {   262,  10,   9,  11,    0,  -20 },  // 0x2A '*'
  {   274,  14,  14,  16,    1,  -17 },  // 0x2B '+'
  {   299,   4,   9,   8,    2,   -4 },  // 0x2C ','
  {   304,   8,   4,   9,    1,   -9 },  // 0x2D '-'
  {   308,   4,   4,   8,    2,   -4 },  // 0x2E '.'
  {   310,   8,  20,   8,    0,  -20 },  // 0x2F '/'
  {   330,  13,  20,  16,    1,  -20 },  // 0x30 '0'
  {   363,   9,  20,  16,    2,  -20 },  // 0x31 '1'
  {   386,  13,  20,  16,    1,  -20 },  // 0x32 '2'
  {   419,  14,  20,  16,    1,  -20 },  // 0x33 '3'
  {   454,  15,  20,  16,    0,  -20 },  // 0x34 '4'
  {   492,  14,  20,  16,    1,  -20 },  // 0x35 '5'
  {   527,  14,  20,  16,    1,  -20 },  // 0x36 '6'
  {   562,  14,  20,  16,    1,  -20 },  // 0x37 '7'
  {   597,  14,  20,  16,    1,  -20 },  // 0x38 '8'
  {   632,  14,  20,  16,    1,  -20 },  // 0x39 '9'
  {   667,   4,  15,   9,    3,  -15 },  // 0x3A ':'
  {   675,   5,  20,   9,    2,  -15 },  // 0x3B ';'
  {   688,  14,  15,  16,    1,  -17 },  // 0x3C '<'
  {   715,  14,  11,  16,    1,  -15 },  // 0x3D '='
  {   735,  14,  15,  16,    1,  -17 },  // 0x3E '>'
  {   762,  15,  20,  17,    1,  -20 },  // 0x3F '?'
  {   800,  26,  27,  27,    1,  -20 },  // 0x40 '@'
  {   888,  20,  20,  20,    0,  -20 },  // 0x41 'A'
  {   938,  17,  20,  20,    2,  -20 },  // 0x42 'B'
  {   981,  18,  20,  20,    1,  -20 },  // 0x43 'C'
  {  1026,  17,  20,  20,    2,  -20 },  // 0x44 'D'
  {  1069,  16,  20,  19,    2,  -20 },  // 0x45 'E'
  {  1109,  14,  20,  17,    2,  -20 },  // 0x46 'F'
  {  1144,  19,  20,  22,    1,  -20 },  // 0x47 'G'
  {  1192,  16,  20,  20,    2,  -20 },  // 0x48 'H'
  {  1232,   4,  20,   8,    2,  -20 },  // 0x49 'I'
  {  1242,  14,  20,  16,    0,  -20 },  // 0x4A 'J'
  {  1277,  18,  20,  20,    2,  -20 },  // 0x4B 'K'
  {  1322,  14,  20,  17,    2,  -20 },  // 0x4C 'L'
  {  1357,  20,  20,  23,    2,  -20 },  // 0x4D 'M'
  {  1407,  16,  20,  20,    2,  -20 },  // 0x4E 'N'
  {  1447,  20,  20,  22,    1,  -20 },  // 0x4F 'O'
  {  1497,  16,  20,  19,    2,  -20 },  // 0x50 'P'
  {  1537,  20,  22,  22,    1,  -20 },  // 0x51 'Q'
  {  1592,  18,  20,  20,    2,  -20 },  // 0x52 'R'
  {  1637,  16,  20,  19,    1,  -20 },  // 0x53 'S'
  {  1677,  17,  20,  17,    0,  -20 },  // 0x54 'T'
  {  1720,  16,  20,  20,    2,  -20 },  // 0x55 'U'
  {  1760,  19,  20,  19,    0,  -20 },  // 0x56 'V'
  {  1808,  27,  20,  26,    0,  -20 },  // 0x57 'W'
  {  1876,  19,  20,  19,    0,  -20 },  // 0x58 'X'
  {  1924,  19,  20,  19,    0,  -20 },  // 0x59 'Y'
  {  1972,  17,  20,  17,    0,  -20 },  // 0x5A 'Z'
  {  2015,   7,  26,   9,    2,  -20 },  // 0x5B '['
  {  2038,   8,  20,   8,    0,  -20 },  // 0x5C '\'
  {  2058,   8,  26,   9,    0,  -20 },  // 0x5D ']'
  {  2084,  13,  11,  16,    2,  -20 },  // 0x5E '^'
  {  2102,  17,   3,  16,   -1,    3 },  // 0x5F '_'
  {  2109,   6,   4,   9,    1,  -20 },  // 0x60 '`'
  {  2112,  14,  15,  16,    1,  -15 },  // 0x61 'a'
  {  2139,  14,  20,  17,    2,  -20 },  // 0x62 'b'
  {  2174,  14,  15,  16,    1,  -15 },  // 0x63 'c'
  {  2201,  15,  20,  17,    1,  -20 },  // 0x64 'd'
  {  2239,  14,  15,  16,    1,  -15 },  // 0x65 'e'
  {  2266,  10,  20,   9,    0,  -20 },  // 0x66 'f'
  {  2291,  15,  21,  17,    1,  -15 },  // 0x67 'g'
  {  2331,  13,  20,  17,    2,  -20 },  // 0x68 'h'
  {  2364,   4,  20,   8,    2,  -20 },  // 0x69 'i'
  {  2374,   7,  26,   8,   -1,  -20 },  // 0x6A 'j'
  {  2397,  13,  20,  16,    2,  -20 },  // 0x6B 'k'
  {  2430,   4,  20,   8,    2,  -20 },  // 0x6C 'l'
  {  2440,  22,  15,  25,    1,  -15 },  // 0x6D 'm'
  {  2482,  13,  15,  17,    2,  -15 },  // 0x6E 'n'
  {  2507,  15,  15,  17,    1,  -15 },  // 0x6F 'o'
  {  2536,  14,  21,  17,    2,  -15 },  // 0x70 'p'
  {  2573,  15,  21,  17,    1,  -15 },  // 0x71 'q'
  {  2613,   9,  15,  11,    2,  -15 },  // 0x72 'r'
  {  2630,  13,  15,  16,    1,  -15 },  // 0x73 's'
  {  2655,   9,  20,   9,    0,  -20 },  // 0x74 't'
  {  2678,  13,  15,  17,    2,  -15 },  // 0x75 'u'
  {  2703,  15,  15,  16,    0,  -15 },  // 0x76 'v'
  {  2732,  22,  15,  22,    0,  -15 },  // 0x77 'w'
  {  2774,  15,  15,  16,    0,  -15 },  // 0x78 'x'
  {  2803,  15,  21,  16,    0,  -15 },  // 0x79 'y'
  {  2843,  14,  15,  14,    0,  -15 },  // 0x7A 'z'
  {  2870,   9,  26,  11,    1,  -20 },  // 0x7B '{'
  {  2900,   4,  26,   8,    2,  -20 },  // 0x7C '|'
  {  2913,  10,  26,  11,    0,  -20 },  // 0x7D '}'
  {  2946,  15,   6,  16,    1,  -13 },  // 0x7E '~'
  {  2958,  15,  18,  21,    3,  -18 },  // 0x7F
  {  2992,   0,   0,   4,    0,    0 },  // 0x80
  {  2992,   0,   0,   4,    0,    0 },  // 0x81
  {  2992,   0,   0,   4,    0,    0 },  // 0x82
  {  2992,   0,   0,   4,    0,    0 },  // 0x83
  {  2992,   0,   0,   4,    0,    0 },  // 0x84
  {  2992,   0,   0,   4,    0,    0 },  // 0x85
  {  2992,   0,   0,   4,    0,    0 },  // 0x86
  {  2992,   0,   0,   4,    0,    0 },  // 0x87
  {  2992,   0,   0,   4,    0,    0 },  // 0x88
  {  2992,   0,   0,   4,    0,    0 },  // 0x89
  {  2992,   0,   0,   4,    0,    0 },  // 0x8A
  {  2992,   0,   0,   4,    0,    0 },  // 0x8B
  {  2992,   0,   0,   4,    0,    0 },  // 0x8C
  {  2992,   0,   0,   4,    0,    0 },  // 0x8D
  {  2992,   0,   0,   4,    0,    0 },  // 0x8E
  {  2992,   0,   0,   4,    0,    0 },  // 0x8F
  {  2992,   0,   0,   4,    0,    0 },  // 0x90
  {  2992,   0,   0,   4,    0,    0 },  // 0x91
  {  2992,   0,   0,   4,    0,    0 },  // 0x92
  {  2992,   0,   0,   4,    0,    0 },  // 0x93
  {  2992,   0,   0,   4,    0,    0 },  // 0x94
  {  2992,   0,   0,   4,    0,    0 },  // 0x95
  {  2992,   0,   0,   4,    0,    0 },  // 0x96
  {  2992,   0,   0,   4,    0,    0 },  // 0x97
  {  2992,   0,   0,   4,    0,    0 },  // 0x98
  {  2992,   0,   0,   4,    0,    0 },  // 0x99
  {  2992,   0,   0,   4,    0,    0 },  // 0x9A
  {  2992,   0,   0,   4,    0,    0 },  // 0x9B
  {  2992,   0,   0,   4,    0,    0 },  // 0x9C
  {  2992,   0,   0,   4,    0,    0 },  // 0x9D
  {  2992,   0,   0,   4,    0,    0 },  // 0x9E
  {  2992,   0,   0,   4,    0,    0 },  // 0x9F
  {  2992,   0,   0,   8,    0,    0 },  // 0xA0
  {  2992,   5,  21,   9,    2,  -15 },  // 0xA1
  {  3006,  14,  26,  16,    1,  -20 },  // 0xA2
  {  3052,  15,  20,  16,    0,  -20 },  // 0xA3
  {  3090,  14,  14,  16,    1,  -16 },  // 0xA4
  {  3115,  15,  20,  16,    0,  -20 },  // 0xA5
  {  3153,   4,  26,   8,    2,  -20 },  // 0xA6
  {  3166,  14,  26,  16,    1,  -20 },  // 0xA7
  {  3212,   9,   3,   9,    0,  -20 },  // 0xA8
  {  3216,  21,  20,  21,    0,  -20 },  // 0xA9
  {  3269,  10,  10,  10,    0,  -20 },  // 0xAA
  {  3282,  13,  13,  16,    1,  -14 },  // 0xAB
  {  3304,  14,  10,  16,    1,  -15 },  // 0xAC
  {  3322,   8,   4,   9,    1,   -9 },  // 0xAD
  {  3326,  21,  20,  21,    0,  -20 },  // 0xAE
  {  3379,  17,   3,  15,   -1,  -24 },  // 0xAF
  {  3386,   9,   8,  11,    1,  -20 },  // 0xB0
  {  3395,  15,  19,  15,    0,  -19 },  // 0xB1
  {  3431,   9,  10,   9,    0,  -20 },  // 0xB2
  {  3443,   9,  10,   9,    0,  -20 },  // 0xB3
  {  3455,   6,   4,   9,    3,  -20 },  // 0xB4
  {  3458,  14,  21,  16,    1,  -15 },  // 0xB5
  {  3495,  16,  25,  16,    0,  -20 },  // 0xB6
  {  3545,   5,   4,   9,    2,  -12 },  // 0xB7
  {  3548,   8,   5,   9,    0,    0 },  // 0xB8
  {  3553,   6,  10,   9,    1,  -20 },  // 0xB9
  {  3561,  10,  10,  10,    0,  -20 },  // 0xBA
  {  3574,  13,  13,  16,    1,  -14 },  // 0xBB
  {  3596,  22,  20,  23,    1,  -20 },  // 0xBC
  {  3651,  22,  20,  23,    1,  -20 },  // 0xBD
  {  3706,  23,  20,  23,    0,  -20 },  // 0xBE
  {  3764,  15,  21,  17,    1,  -15 },  // 0xBF
  {  3804,  20,  26,  20,    0,  -26 },  // 0xC0
  {  3869,  20,  26,  20,    0,  -26 },  // 0xC1
  {  3934,  20,  26,  20,    0,  -26 },  // 0xC2
  {  3999,  20,  25,  20,    0,  -25 },  // 0xC3
  {  4062,  20,  25,  20,    0,  -25 },  // 0xC4
  {  4125,  20,  23,  20,    0,  -23 },  // 0xC5
  {  4183,  28,  20,  28,   -1,  -20 },  // 0xC6
  {  4253,  18,  25,  20,    1,  -20 },  // 0xC7
  {  4310,  16,  26,  19,    2,  -26 },  // 0xC8
  {  4362,  16,  26,  19,    2,  -26 },  // 0xC9
  {  4414,  16,  26,  19,    2,  -26 },  // 0xCA
  {  4466,  16,  25,  19,    2,  -25 },  // 0xCB
  {  4516,   6,  26,   8,    0,  -26 },  // 0xCC
  {  4536,   6,  26,   8,    1,  -26 },  // 0xCD
  {  4556,   9,  26,   8,    0,  -26 },  // 0xCE
  {  4586,  10,  25,   8,   -1,  -25 },  // 0xCF
  {  4618,  19,  20,  20,    0,  -20 },  // 0xD0
  {  4666,  16,  25,  20,    2,  -25 },  // 0xD1
  {  4716,  20,  26,  22,    1,  -26 },  // 0xD2
  {  4781,  20,  26,  22,    1,  -26 },  // 0xD3
  {  4846,  20,  26,  22,    1,  -26 },  // 0xD4
  {  4911,  20,  25,  22,    1,  -25 },  // 0xD5
  {  4974,  20,  25,  22,    1,  -25 },  // 0xD6
  {  5037,  14,  13,  16,    1,  -16 },  // 0xD7
  {  5060,  20,  20,  22,    1,  -20 },  // 0xD8
  {  5110,  16,  26,  20,    2,  -26 },  // 0xD9
  {  5162,  16,  26,  20,    2,  -26 },  // 0xDA
  {  5214,  16,  26,  20,    2,  -26 },  // 0xDB
  {  5266,  16,  25,  20,    2,  -25 },  // 0xDC
  {  5316,  19,  26,  19,    0,  -26 },  // 0xDD
  {  5378,  16,  20,  19,    2,  -20 },  // 0xDE
  {  5418,  14,  20,  17,    2,  -20 },  // 0xDF
  {  5453,  14,  20,  16,    1,  -20 },  // 0xE0
  {  5488,  14,  20,  16,    1,  -20 },  // 0xE1
  {  5523,  14,  20,  16,    1,  -20 },  // 0xE2
  {  5558,  14,  19,  16,    1,  -19 },  // 0xE3
  {  5592,  14,  19,  16,    1,  -19 },  // 0xE4
  {  5626,  14,  20,  16,    1,  -20 },  // 0xE5
  {  5661,  23,  15,  25,    1,  -15 },  // 0xE6
  {  5705,  14,  20,  16,    1,  -15 },  // 0xE7
  {  5740,  14,  20,  16,    1,  -20 },  // 0xE8
  {  5775,  14,  20,  16,    1,  -20 },  // 0xE9
  {  5810,  14,  20,  16,    1,  -20 },  // 0xEA
  {  5845,  14,  19,  16,    1,  -19 },  // 0xEB
  {  5879,   6,  20,   8,    0,  -20 },  // 0xEC
  {  5894,   6,  20,   8,    2,  -20 },  // 0xED
  {  5909,   9,  20,   8,   -1,  -20 },  // 0xEE
  {  5932,  10,  19,   8,   -1,  -19 },  // 0xEF
  {  5956,  15,  20,  17,    1,  -20 },  // 0xF0
  {  5994,  13,  19,  17,    2,  -19 },  // 0xF1
  {  6025,  15,  20,  17,    1,  -20 },  // 0xF2
  {  6063,  15,  20,  17,    1,  -20 },  // 0xF3
  {  6101,  15,  20,  17,    1,  -20 },  // 0xF4
  {  6139,  15,  19,  17,    1,  -19 },  // 0xF5
  {  6175,  15,  19,  17,    1,  -19 },  // 0xF6
  {  6211,  15,  16,  15,    0,  -19 },  // 0xF7
  {  6241,  15,  15,  17,    1,  -15 },  // 0xF8
  {  6270,  13,  20,  17,    2,  -20 },  // 0xF9
  {  6303,  13,  20,  17,    2,  -20 },  // 0xFA
  {  6336,  13,  20,  17,    2,  -20 },  // 0xFB
  {  6369,  13,  19,  17,    2,  -19 },  // 0xFC
  {  6400,  15,  26,  16,    0,  -20 },  // 0xFD
  {  6449,  14,  26,  17,    2,  -20 },  // 0xFE
  {  6495,  15,  25,  16,    0,  -19 },  // 0xFF
};

static const GFXfont TramliXLarge PROGMEM = {
  (uint8_t *)TramliXLargeBitmaps,
  (GFXglyph *)TramliXLargeGlyphs,
  0x20, 0xFF, 32
};
// TramliXLarge: ascent=26, yAdvance=32, bitmaps=6542 bytes

